wilayah,jenis,kecamatan,rating,ac,akses_24_jam,kasur,kloset_duduk,kamar_mandi_dalam,wifi
4,0,86,0.0,1,0,1,1,1,1
29,0,115,0.0,0,0,1,0,0,0
7,2,106,0.0,0,1,1,0,0,1
30,1,167,0.0,1,1,1,1,0,1
24,2,127,0.0,0,0,1,1,1,1
4,0,47,5.0,1,1,1,1,1,1
18,1,38,0.0,1,0,1,1,1,1
3,0,8,0.0,1,1,1,1,1,1
12,2,124,0.0,0,0,1,0,0,1
7,1,170,0.0,1,1,1,1,1,1
30,2,38,0.0,1,1,1,0,1,1
27,2,97,0.0,0,1,1,1,1,1
3,1,8,0.0,1,1,1,1,1,1
18,1,40,0.0,0,0,1,0,1,1
19,1,199,0.0,0,1,1,0,0,1
26,1,101,0.0,0,1,1,0,0,0
18,0,38,0.0,0,1,1,1,1,1
18,2,103,0.0,0,1,1,1,1,1
0,2,50,0.0,0,0,1,0,0,0
24,2,194,0.0,0,0,1,0,1,1
16,0,180,0.0,0,0,1,0,1,1
17,0,121,0.0,1,1,1,1,1,1
5,1,139,5.0,0,1,1,0,1,1
12,0,162,4.9,1,1,1,1,1,1
3,2,8,0.0,0,0,1,0,1,1
18,2,82,0.0,0,1,1,0,0,1
19,0,130,0.0,0,0,1,1,1,0
2,2,155,0.0,0,1,1,0,1,0
19,2,199,0.0,1,1,1,1,1,1
26,0,164,5.0,1,1,1,0,1,1
30,2,40,0.0,0,0,1,0,1,1
5,1,81,5.0,0,1,1,1,0,1
8,1,159,0.0,0,1,1,0,1,1
19,0,130,0.0,0,1,1,0,1,1
16,0,11,0.0,1,1,1,1,1,1
23,0,52,0.0,0,1,1,0,1,1
5,0,209,0.0,1,1,1,1,1,1
19,1,130,0.0,1,0,1,1,1,1
24,0,90,0.0,0,0,1,0,1,1
3,0,8,0.0,0,1,1,0,1,0
16,0,180,0.0,0,0,1,1,0,0
22,0,147,0.0,1,1,1,1,1,1
22,0,147,0.0,1,1,1,1,1,0
30,1,167,0.0,0,0,1,0,1,1
31,2,73,0.0,0,1,1,0,0,1
22,0,89,0.0,0,1,1,1,0,1
23,0,52,0.0,0,1,1,0,1,1
7,0,170,4.4,0,1,1,1,1,1
3,0,54,0.0,1,0,1,1,1,0
29,2,22,0.0,0,0,1,0,0,0
5,2,209,0.0,1,0,1,1,1,1
5,2,209,0.0,0,0,1,1,1,1
17,1,200,0.0,0,0,1,0,1,1
7,2,106,0.0,0,0,1,0,1,1
7,0,170,0.0,1,1,1,1,1,1
22,0,147,0.0,1,1,1,1,1,1
20,2,132,0.0,0,1,1,0,1,1
21,0,146,0.0,0,1,1,1,1,0
24,0,155,0.0,0,1,1,0,1,0
24,2,137,0.0,1,1,1,0,0,1
3,0,8,0.0,1,0,1,1,1,1
2,0,194,0.0,0,1,1,0,1,0
24,2,194,5.0,1,1,1,1,1,1
8,1,94,0.0,0,1,1,0,0,0
8,2,145,0.0,0,1,1,0,1,0
8,0,159,4.6,1,0,1,1,1,1
12,0,171,0.0,0,1,0,0,1,1
27,2,160,4.8,0,0,1,0,0,1
29,1,191,0.0,0,0,1,0,0,0
10,2,76,0.0,0,1,1,0,1,1
18,0,167,0.0,0,0,1,0,0,0
28,1,158,5.0,1,1,1,0,1,1
22,0,147,0.0,0,0,0,1,1,0
6,0,36,0.0,1,1,1,1,1,1
22,0,89,0.0,0,0,1,0,1,1
17,0,1,0.0,1,1,1,1,1,1
18,2,40,0.0,0,1,1,1,0,1
2,2,155,0.0,0,1,1,0,1,0
9,1,98,0.0,1,1,1,0,0,0
19,0,199,0.0,1,1,1,0,1,1
28,2,162,0.0,0,1,1,0,1,1
18,2,40,0.0,1,0,1,1,1,1
18,0,82,0.0,1,1,1,1,1,1
17,2,131,0.0,0,1,1,1,1,1
7,2,170,0.0,0,1,1,0,1,1
25,2,157,0.0,0,1,1,1,0,1
20,0,116,0.0,0,1,1,1,1,1
31,2,196,3.0,0,1,1,1,1,0
17,2,121,0.0,0,0,1,1,1,1
9,0,161,0.0,0,1,1,0,0,0
19,1,199,0.0,0,1,1,1,1,0
27,2,160,0.0,0,0,1,1,0,1
22,0,147,0.0,0,1,1,1,1,1
10,2,45,0.0,0,0,1,1,1,1
27,2,208,0.0,1,1,1,1,1,1
1,2,51,0.0,1,0,1,1,1,1
27,2,160,5.0,0,1,1,1,1,1
25,2,157,0.0,0,1,1,1,1,1
26,2,45,0.0,0,1,1,0,1,1
4,1,47,0.0,0,1,1,0,1,1
30,1,167,0.0,0,0,1,0,1,0
17,2,1,0.0,0,1,1,0,0,1
27,1,160,0.0,0,1,1,1,0,1
6,1,36,0.0,0,0,1,0,0,0
2,2,127,0.0,0,1,1,0,0,1
12,0,61,0.0,0,1,1,1,0,1
10,2,45,0.0,0,0,1,0,0,1
27,1,97,4.8,1,1,1,1,1,1
27,2,7,0.0,1,1,1,1,1,1
27,1,7,0.0,0,1,1,0,0,1
22,0,147,0.0,0,1,1,1,1,0
29,1,191,0.0,0,1,1,0,0,0
10,0,164,0.0,0,0,1,0,0,1
14,2,176,0.0,0,0,1,1,1,1
28,0,24,0.0,0,1,1,0,1,0
4,2,47,0.0,1,0,1,1,1,1
3,2,8,0.0,0,1,1,0,0,0
24,0,194,0.0,1,1,1,0,1,0
1,0,27,0.0,0,1,1,1,1,1
18,2,167,0.0,0,0,0,0,0,0
4,0,166,0.0,1,1,1,1,1,1
6,2,104,0.0,0,0,1,0,0,0
31,2,150,0.0,1,0,1,1,1,1
25,2,110,0.0,0,0,1,0,0,0
16,0,180,0.0,1,1,1,1,1,1
4,0,86,0.0,1,1,1,1,1,1
14,2,111,0.0,1,1,1,1,1,1
2,1,194,0.0,1,0,1,1,1,1
5,2,209,0.0,1,1,1,1,1,1
12,1,133,0.0,1,0,1,1,1,1
2,0,41,0.0,1,0,1,1,1,1
1,0,5,0.0,1,1,1,1,1,1
3,1,8,0.0,0,1,1,1,1,0
10,2,101,0.0,0,0,1,1,0,1
23,0,52,0.0,0,1,1,0,1,1
25,0,151,0.0,0,1,1,1,0,1
27,0,160,0.0,0,1,1,0,0,1
7,2,170,0.0,0,1,1,0,1,1
24,1,127,0.0,0,1,1,0,0,1
24,0,137,0.0,0,1,1,0,1,1
12,0,107,0.0,0,1,0,0,1,0
18,0,82,0.0,0,1,1,1,1,0
23,0,52,0.0,0,0,1,1,0,1
10,2,45,5.0,0,1,1,1,0,1
3,2,8,0.0,0,1,0,1,0,0
25,1,170,0.0,0,1,1,0,1,1
27,2,160,4.8,1,0,1,1,1,1
10,2,101,0.0,0,0,1,0,0,1
27,2,160,0.0,1,1,1,1,1,1
6,0,36,0.0,0,0,1,0,1,1
19,2,199,5.0,0,0,1,0,1,1
12,2,188,0.0,0,1,0,1,1,0
13,2,174,0.0,0,1,1,0,0,1
24,2,194,0.0,1,1,1,1,1,1
19,0,199,0.0,1,0,1,1,1,1
2,2,194,0.0,1,1,1,1,1,1
5,0,39,0.0,0,1,1,0,1,1
29,2,115,0.0,1,0,1,1,1,1
21,0,146,0.0,1,1,1,1,1,1
6,0,36,0.0,1,0,1,0,1,1
6,1,36,0.0,0,0,1,1,1,1
4,2,47,0.0,1,0,1,0,0,1
30,0,167,0.0,1,1,1,1,1,1
2,0,41,0.0,0,0,1,0,1,1
31,2,143,0.0,1,0,1,1,0,1
5,0,139,0.0,1,1,1,1,1,1
18,1,40,0.0,0,1,1,0,1,1
7,1,175,0.0,1,1,1,1,1,1
30,2,40,0.0,0,1,1,1,1,1
9,0,136,0.0,0,0,1,1,0,1
6,0,119,0.0,0,1,1,0,1,1
8,0,135,0.0,0,1,1,1,1,1
27,2,97,0.0,0,0,1,1,1,1
22,0,219,0.0,1,0,1,1,1,1
10,1,85,0.0,0,1,0,0,0,0
8,0,204,0.0,0,1,1,1,1,1
12,0,107,0.0,0,1,0,0,1,0
31,1,44,0.0,1,0,1,1,1,1
4,1,47,0.0,0,1,1,0,0,0
5,2,39,0.0,0,1,0,0,0,0
8,1,94,0.0,0,0,1,1,0,1
18,2,167,0.0,1,1,1,0,1,1
7,0,184,0.0,1,1,1,1,1,1
30,2,82,0.0,0,0,1,0,1,0
6,0,119,0.0,0,1,1,0,1,1
22,0,89,0.0,0,1,1,1,1,1
19,0,199,0.0,1,1,1,1,1,0
10,2,211,0.0,1,0,1,1,1,1
1,2,27,0.0,0,0,0,0,1,0
24,2,194,0.0,0,0,1,1,0,0
22,0,147,0.0,0,1,1,1,1,0
18,2,40,0.0,0,0,1,0,0,1
27,2,160,0.0,0,1,1,1,0,1
2,2,83,0.0,1,1,1,1,1,1
25,1,175,0.0,0,1,1,0,1,1
24,2,137,0.0,1,0,1,0,1,1
4,1,86,0.0,0,1,1,1,1,1
20,2,116,0.0,1,0,1,1,1,1
10,0,45,0.0,1,1,1,1,1,0
13,2,174,5.0,1,0,1,1,1,1
6,0,19,0.0,0,0,1,0,1,1
6,0,119,0.0,1,0,1,1,0,1
7,0,184,0.0,0,1,1,0,0,0
6,0,119,0.0,0,1,1,1,1,0
9,0,98,0.0,0,0,1,1,1,1
20,2,132,0.0,0,1,1,0,0,0
24,2,194,4.8,0,1,1,1,1,1
3,0,8,0.0,1,0,1,1,1,0
28,0,122,5.0,1,1,1,0,1,1
28,1,99,0.0,0,1,1,0,0,1
5,2,209,0.0,0,0,1,0,0,1
29,0,126,0.0,1,1,1,1,1,0
7,0,170,0.0,1,0,1,1,1,1
17,0,121,0.0,1,1,0,0,0,1
4,2,86,0.0,0,0,1,0,0,1
26,2,211,0.0,0,1,1,1,1,1
1,2,51,0.0,0,0,1,1,1,1
2,0,90,0.0,0,0,1,0,1,1
6,2,78,0.0,0,0,1,1,1,0
8,1,94,0.0,0,1,1,1,1,1
5,2,209,0.0,0,1,1,0,1,1
26,2,141,0.0,0,1,1,0,1,1
28,1,105,0.0,0,1,1,0,0,1
2,2,137,0.0,1,1,1,0,0,1
8,2,145,0.0,0,1,1,0,1,0
19,0,199,0.0,1,1,1,1,1,1
16,0,58,0.0,1,1,1,1,1,1
19,2,199,0.0,1,1,1,1,0,1
10,0,164,0.0,0,1,1,1,1,0
7,2,170,0.0,1,0,1,1,1,1
7,2,170,0.0,1,0,1,0,1,1
30,0,82,0.0,0,1,1,1,1,0
7,2,106,0.0,0,1,0,0,1,0
20,2,201,0.0,0,1,1,0,0,1
1,2,51,0.0,1,1,1,1,1,1
9,2,161,0.0,1,0,1,1,1,1
7,2,170,0.0,0,0,1,0,1,1
16,1,180,0.0,0,0,1,1,1,0
18,0,103,0.0,1,1,1,1,1,1
27,1,160,5.0,1,1,1,1,1,1
5,1,139,0.0,1,1,1,1,1,1
6,2,78,0.0,0,1,1,0,1,1
12,2,125,0.0,0,0,1,1,0,1
29,2,126,0.0,0,1,1,0,1,0
28,2,162,0.0,0,1,1,1,0,0
6,1,78,0.0,0,0,1,0,1,0
1,2,5,0.0,0,1,1,1,1,1
27,2,160,0.0,0,1,1,1,1,1
24,0,194,0.0,0,0,1,0,1,0
31,0,73,0.0,1,1,1,1,1,1
2,0,194,0.0,0,0,1,0,1,1
5,2,139,0.0,0,1,1,1,0,0
26,0,141,0.0,1,1,1,0,1,1
28,2,32,0.0,0,1,1,0,0,1
30,0,82,5.0,1,0,1,1,1,1
25,0,170,0.0,1,1,1,1,1,1
28,0,107,0.0,0,0,1,0,0,1
5,1,209,0.0,1,1,1,1,1,1
19,0,130,0.0,1,1,1,0,1,1
10,2,211,0.0,0,1,1,1,0,1
28,0,171,0.0,0,1,1,0,1,1
1,2,71,0.0,0,0,1,1,0,0
26,1,211,5.0,0,1,1,0,1,1
26,2,101,0.0,0,1,1,0,0,1
2,1,155,0.0,0,1,1,1,0,1
30,0,38,0.0,1,1,1,1,1,1
28,2,188,0.0,1,1,1,1,1,1
19,2,199,0.0,1,1,1,1,1,1
25,2,110,0.0,1,1,1,1,1,1
28,0,112,0.0,1,1,1,1,1,1
6,2,185,0.0,0,1,1,0,1,1
9,2,98,0.0,1,1,1,0,1,1
1,1,5,0.0,0,1,1,0,1,1
23,2,12,0.0,0,1,1,0,0,1
7,1,106,0.0,0,1,1,0,0,1
7,0,151,0.0,1,0,1,1,1,1
12,0,99,0.0,1,1,1,0,1,1
12,2,107,0.0,0,0,1,0,0,1
4,2,166,0.0,0,0,1,1,1,0
12,0,133,0.0,0,1,1,1,1,1
13,1,174,0.0,0,1,1,0,0,0
6,0,36,0.0,0,1,1,1,1,0
28,0,107,0.0,0,1,0,0,1,0
2,0,127,0.0,0,1,1,1,1,0
12,0,188,0.0,0,0,1,0,1,0
18,2,167,0.0,0,1,1,1,0,1
6,0,78,0.0,0,1,1,1,1,1
31,2,221,0.0,1,1,1,1,1,1
4,1,166,0.0,0,1,1,0,0,1
31,2,29,0.0,1,1,1,1,1,1
7,0,184,0.0,1,0,1,1,1,1
27,1,160,0.0,1,1,1,1,1,1
27,2,97,4.3,0,0,1,1,0,1
28,2,162,0.0,1,1,1,0,1,1
8,2,159,0.0,1,0,1,1,0,1
13,0,109,0.0,0,0,1,1,1,0
19,0,130,0.0,1,0,1,1,1,1
27,2,156,0.0,0,1,1,1,0,1
19,1,199,0.0,0,0,1,0,0,0
2,2,194,0.0,0,0,1,1,0,1
7,1,106,0.0,0,1,1,0,0,1
6,2,119,0.0,0,1,1,0,0,0
1,2,51,0.0,1,0,1,1,1,1
4,1,166,0.0,0,1,1,0,1,1
8,1,159,0.0,0,0,1,0,0,1
17,1,121,0.0,0,1,1,0,1,1
23,0,6,0.0,0,1,1,0,0,1
25,1,157,0.0,1,1,1,1,1,1
12,2,171,0.0,0,1,1,0,1,1
22,0,147,0.0,0,1,1,0,1,0
4,2,47,0.0,1,0,1,0,1,1
12,0,107,0.0,0,0,1,1,1,1
12,0,188,0.0,0,0,1,0,1,0
23,2,6,0.0,0,1,1,1,0,1
21,0,218,0.0,1,0,1,1,1,1
2,0,41,0.0,1,0,1,0,1,1
11,2,163,0.0,0,1,1,0,1,1
13,0,174,0.0,1,1,1,1,1,1
7,1,106,0.0,0,1,1,0,1,1
7,0,184,0.0,1,1,1,1,1,1
10,1,211,0.0,1,1,1,0,1,1
29,0,11,0.0,1,1,1,1,1,1
4,1,47,0.0,1,1,1,0,1,1
7,2,106,0.0,0,0,1,1,0,1
27,2,160,0.0,0,0,1,1,0,1
26,0,164,0.0,0,0,1,0,1,1
18,2,82,0.0,1,1,1,1,1,1
28,0,171,0.0,0,1,1,0,1,0
6,1,36,0.0,0,1,1,1,0,1
12,0,122,0.0,1,1,1,0,1,1
10,1,141,0.0,1,1,0,1,1,1
29,1,115,0.0,0,1,1,0,0,0
8,2,159,0.0,1,0,1,1,1,1
10,2,85,0.0,0,1,1,0,0,0
25,2,170,0.0,1,0,1,1,0,1
24,0,207,0.0,0,1,1,0,1,1
3,0,8,0.0,1,0,1,1,1,0
27,1,160,5.0,0,1,1,0,0,1
18,2,103,0.0,0,0,1,0,1,1
16,2,191,0.0,1,0,1,1,0,1
19,2,130,0.0,1,0,1,1,1,1
28,1,99,0.0,0,1,1,0,1,1
27,2,97,0.0,0,1,1,1,1,1
10,2,141,0.0,0,0,1,1,1,0
12,0,122,0.0,1,1,1,0,1,1
8,0,94,0.0,0,1,0,0,1,0
5,1,209,0.0,0,1,1,0,0,1
19,0,199,0.0,1,1,1,1,1,1
31,2,29,0.0,1,1,1,1,1,1
29,0,57,0.0,0,0,0,0,1,0
20,0,116,0.0,1,1,1,1,1,1
4,0,47,0.0,1,1,1,0,1,0
25,2,151,0.0,0,0,1,1,0,1
27,2,208,5.0,0,1,1,1,1,1
5,2,209,0.0,0,1,1,0,1,1
16,0,115,0.0,1,1,1,1,1,1
27,2,7,4.4,0,1,1,0,1,1
6,2,36,0.0,0,0,1,1,0,1
26,0,101,0.0,0,0,1,0,1,0
10,1,141,0.0,0,1,1,0,1,1
17,0,187,0.0,1,1,1,0,0,1
2,2,194,5.0,0,1,1,1,1,1
6,2,78,0.0,0,1,1,0,0,1
2,2,41,0.0,0,1,1,1,0,1
12,0,162,0.0,0,0,0,0,0,1
6,2,78,0.0,0,0,1,1,1,1
1,1,5,0.0,0,1,1,0,1,1
26,2,141,0.0,0,0,1,0,1,1
14,2,176,0.0,0,0,1,0,1,1
30,2,103,0.0,0,1,1,0,0,1
20,1,132,0.0,1,1,1,1,1,1
21,0,146,0.0,0,1,1,1,1,1
27,1,160,4.9,0,0,1,0,1,1
18,0,64,0.0,0,1,1,0,1,1
9,2,98,0.0,0,0,1,1,1,1
29,2,67,0.0,1,1,1,1,1,1
6,0,36,0.0,1,1,1,1,1,0
1,0,5,0.0,1,0,1,1,1,1
17,2,1,0.0,0,1,1,0,1,1
10,2,45,0.0,0,1,1,1,0,1
3,0,54,0.0,1,1,1,0,1,0
10,1,141,0.0,0,1,1,1,1,1
31,2,25,4.9,1,1,1,1,1,1
7,1,175,0.0,0,1,1,1,1,1
5,2,0,0.0,0,0,1,0,1,0
29,1,126,0.0,0,1,1,0,0,1
5,0,39,0.0,0,1,1,1,0,1
21,0,218,0.0,1,1,1,1,1,1
27,2,160,0.0,0,1,1,1,1,1
5,2,209,0.0,0,1,1,0,0,1
2,1,90,0.0,0,1,1,1,0,0
27,2,160,0.0,0,0,1,0,0,1
2,0,127,0.0,0,1,1,0,1,1
5,2,209,0.0,0,1,1,1,1,1
19,0,56,0.0,0,1,0,0,1,0
5,2,209,0.0,0,1,1,0,1,1
8,1,159,0.0,1,0,1,0,1,1
4,0,166,0.0,1,1,1,1,0,1
13,2,109,0.0,0,1,1,0,1,1
9,2,98,0.0,1,1,1,1,1,0
30,2,152,0.0,0,1,1,1,1,1
8,0,159,0.0,0,0,1,0,0,1
8,0,94,0.0,1,1,0,1,1,1
24,0,194,0.0,0,1,1,0,1,1
28,2,133,0.0,0,0,1,0,0,1
12,0,107,0.0,1,1,1,1,1,1
6,0,185,0.0,0,1,1,0,1,1
28,0,125,0.0,0,0,1,0,1,1
8,0,94,0.0,0,1,1,0,1,1
24,0,127,0.0,0,1,1,0,1,1
22,2,147,0.0,0,1,1,0,1,0
1,0,27,0.0,1,1,0,1,0,1
12,2,122,0.0,1,1,1,1,1,1
30,0,82,0.0,0,1,1,0,1,0
1,1,51,0.0,1,1,1,1,1,1
1,1,51,0.0,0,0,1,0,0,1
28,2,188,5.0,1,1,1,1,1,1
2,2,155,0.0,0,0,1,1,1,1
12,0,99,0.0,1,1,1,1,1,1
4,2,47,0.0,0,0,1,0,1,1
17,2,121,0.0,0,0,1,0,1,1
18,1,167,0.0,0,1,0,1,1,1
8,1,94,0.0,0,1,1,0,1,1
12,0,99,0.0,1,1,1,0,1,1
29,2,126,0.0,0,0,1,0,1,1
7,2,170,0.0,1,0,1,1,0,1
1,0,51,0.0,1,1,1,0,1,1
18,0,167,0.0,0,1,1,0,1,0
12,2,99,0.0,0,1,1,1,1,1
24,1,127,0.0,0,1,1,1,0,1
5,0,39,0.0,0,1,1,1,0,1
1,2,51,5.0,0,0,1,1,1,1
27,2,208,5.0,1,1,1,1,0,1
6,2,78,0.0,0,1,1,1,1,1
22,0,89,0.0,0,1,1,1,1,1
24,2,137,0.0,0,0,1,1,1,1
6,0,185,0.0,0,1,1,0,1,1
22,2,219,0.0,0,0,1,0,0,0
16,1,126,0.0,1,0,1,1,1,1
2,2,194,0.0,0,1,1,0,1,1
8,0,159,0.0,1,1,1,1,1,1
12,0,122,5.0,1,1,1,0,1,1
10,1,211,0.0,0,1,1,1,1,1
24,2,127,0.0,0,1,1,1,1,1
19,0,10,0.0,0,1,1,1,1,1
6,0,36,0.0,0,1,1,0,1,0
10,1,85,5.0,0,1,1,0,1,1
2,2,193,0.0,0,0,1,0,1,1
19,0,199,0.0,1,1,1,1,1,1
27,2,160,0.0,0,1,1,1,1,1
8,0,159,0.0,1,1,1,1,1,1
27,0,160,5.0,0,1,1,1,0,1
19,0,199,0.0,0,0,1,1,1,1
5,2,209,4.5,0,0,1,1,0,1
31,2,221,0.0,0,1,1,0,0,1
6,2,78,0.0,0,0,1,1,0,0
22,2,153,0.0,0,0,1,1,1,1
8,0,159,3.9,1,0,1,1,1,1
6,0,36,0.0,1,1,1,1,1,1
25,2,170,0.0,0,1,1,1,0,1
2,2,194,0.0,0,1,1,1,1,1
22,1,9,0.0,1,0,1,1,1,1
0,0,3,0.0,0,1,0,0,1,0
5,2,139,0.0,0,0,1,1,0,0
2,2,155,0.0,0,1,1,0,1,1
7,2,151,0.0,1,0,1,1,1,1
31,2,143,0.0,1,1,1,1,1,1
30,2,103,0.0,1,0,1,1,1,1
25,0,157,0.0,1,1,1,1,1,1
30,2,167,0.0,0,1,1,0,0,0
10,1,101,0.0,0,0,1,0,0,1
14,2,176,0.0,0,1,0,1,0,0
27,2,91,0.0,0,1,1,1,1,1
14,0,111,0.0,0,1,1,0,1,0
18,1,167,0.0,0,1,0,1,0,0
27,1,156,4.9,0,0,1,0,1,1
18,0,40,0.0,1,0,1,1,1,1
29,0,115,0.0,1,1,1,1,1,1
1,2,5,0.0,0,1,1,1,0,1
24,2,137,0.0,0,1,1,1,1,1
6,0,79,0.0,1,1,1,0,1,1
13,1,174,5.0,0,1,1,1,1,1
17,2,121,0.0,0,0,1,1,1,1
19,1,199,5.0,0,1,1,1,0,1
10,1,165,0.0,0,1,1,0,1,0
12,1,202,0.0,0,1,1,0,1,1
6,0,36,0.0,0,1,1,0,1,0
10,1,141,0.0,0,1,1,1,0,1
10,0,76,0.0,0,1,1,1,0,1
7,0,118,0.0,1,1,1,1,1,1
27,1,156,5.0,0,0,1,0,1,1
2,1,127,0.0,0,1,1,1,0,1
28,1,133,4.5,1,1,1,1,1,1
8,1,159,5.0,0,0,1,0,0,1
3,0,42,0.0,0,1,1,0,1,1
6,2,36,0.0,0,1,1,1,1,1
27,1,160,0.0,1,1,1,1,1,1
19,2,130,0.0,1,1,1,1,1,1
7,2,170,0.0,1,0,1,1,0,1
28,0,105,0.0,0,0,1,0,1,1
2,0,194,0.0,0,0,1,0,0,0
18,0,82,0.0,0,1,1,1,1,0
6,2,78,0.0,1,0,1,0,1,1
2,2,127,0.0,0,0,1,1,1,1
2,2,194,5.0,0,1,1,1,1,1
12,0,99,0.0,0,1,1,0,0,1
10,2,45,0.0,0,0,1,1,1,1
26,2,211,0.0,0,0,1,1,0,0
27,2,156,0.0,1,1,1,1,1,1
10,2,211,0.0,1,1,1,1,1,1
28,0,107,0.0,0,1,1,1,1,0
29,2,11,0.0,0,1,1,1,0,1
31,0,215,0.0,1,1,1,1,1,1
4,2,102,5.0,1,1,1,1,1,1
12,0,171,0.0,1,1,1,1,1,0
15,1,177,0.0,0,1,1,1,1,0
26,2,45,0.0,0,0,1,0,1,1
25,0,170,0.0,1,1,1,1,1,1
7,2,118,0.0,1,1,1,1,0,1
3,2,8,0.0,0,0,1,0,1,1
26,0,211,0.0,1,1,1,1,1,1
23,2,6,0.0,0,1,1,0,0,0
5,0,39,0.0,1,0,1,1,0,1
8,0,159,0.0,0,0,1,1,1,1
4,2,47,0.0,1,0,1,1,1,1
24,2,127,0.0,0,1,1,1,0,1
17,0,46,0.0,1,1,1,1,1,1
28,0,162,0.0,0,1,1,0,1,0
18,0,40,0.0,0,1,1,1,1,1
30,2,40,0.0,0,1,1,1,1,1
2,0,127,0.0,0,1,1,0,1,1
10,1,101,0.0,0,0,1,0,0,1
12,0,133,0.0,0,1,1,0,1,1
17,2,48,0.0,0,1,1,0,1,1
23,0,52,0.0,0,0,1,0,0,1
19,2,199,0.0,1,1,1,0,1,1
23,0,6,0.0,0,1,1,0,0,0
30,2,167,0.0,0,1,1,1,0,1
23,2,6,0.0,0,0,1,1,0,1
2,0,83,0.0,0,0,1,1,1,1
18,0,82,0.0,1,1,1,1,1,1
7,1,151,0.0,0,0,1,1,1,1
26,2,101,0.0,0,1,1,0,1,1
18,0,167,0.0,0,0,1,0,1,1
6,2,36,0.0,0,1,1,1,0,1
30,2,167,0.0,0,0,1,1,1,1
7,2,110,0.0,0,0,1,1,0,1
19,2,130,0.0,1,0,1,1,1,1
8,1,18,0.0,1,1,1,1,1,1
1,0,5,0.0,0,1,1,1,0,1
8,1,159,0.0,1,1,1,1,1,1
23,0,6,0.0,0,0,1,1,0,1
6,0,78,0.0,0,0,1,0,1,0
18,1,103,0.0,0,1,1,0,1,1
10,2,141,0.0,1,0,1,1,0,1
10,1,45,0.0,1,1,1,1,1,0
19,2,10,0.0,0,1,1,1,0,0
25,2,151,0.0,1,0,1,1,1,1
21,0,129,0.0,0,1,1,1,1,0
19,2,199,0.0,0,0,1,1,1,0
19,2,199,0.0,1,1,1,1,1,1
27,2,160,0.0,0,1,1,0,0,1
27,1,160,4.9,0,1,1,1,1,1
26,0,45,5.0,1,1,1,1,1,1
7,1,173,0.0,1,1,1,0,1,1
22,2,9,0.0,0,0,1,0,0,1
8,1,159,0.0,1,1,1,1,1,1
2,2,127,0.0,0,1,1,1,0,1
6,2,36,0.0,0,1,1,0,0,1
16,0,67,0.0,1,1,1,1,0,1
4,1,102,0.0,1,1,1,1,0,0
19,2,130,0.0,0,1,1,1,1,0
19,2,199,0.0,0,1,1,0,0,1
4,2,47,0.0,1,0,1,1,1,1
28,1,17,0.0,0,1,1,1,0,0
27,2,160,0.0,0,1,1,1,1,1
2,2,90,0.0,0,1,1,1,1,1
24,0,127,0.0,1,1,1,0,1,1
12,0,105,0.0,0,1,1,0,0,1
23,2,6,0.0,0,1,1,1,0,1
27,2,160,0.0,0,0,1,1,0,1
17,1,131,0.0,0,1,1,0,0,0
12,0,107,0.0,0,1,0,0,1,0
5,2,209,0.0,1,0,1,1,1,1
19,0,130,0.0,0,1,1,1,1,1
27,2,160,0.0,0,0,1,1,0,1
3,1,8,0.0,0,1,1,0,0,0
6,0,78,0.0,0,0,1,0,1,1
6,2,78,0.0,0,1,1,1,1,1
30,0,103,0.0,0,1,1,0,0,1
17,1,187,0.0,0,0,1,1,1,0
1,2,51,0.0,0,0,1,1,1,1
12,0,99,0.0,0,1,1,0,0,1
16,2,22,0.0,1,0,1,0,0,0
4,2,28,0.0,0,1,1,1,1,0
4,1,166,4.8,0,1,1,1,0,1
7,0,184,0.0,0,0,1,1,1,1
26,1,45,0.0,0,0,1,0,0,0
9,0,161,0.0,0,1,1,1,1,1
25,1,173,0.0,0,1,1,0,1,1
5,0,209,0.0,1,1,1,1,1,1
4,2,47,5.0,1,1,1,1,1,1
30,1,40,0.0,0,0,1,0,0,1
31,0,222,0.0,1,1,1,1,1,1
19,1,130,1.6,0,1,1,0,0,1
26,1,141,0.0,0,1,1,0,0,0
30,2,40,0.0,0,0,1,1,1,1
7,0,170,4.1,0,1,1,0,0,0
10,2,101,0.0,0,0,1,1,1,1
4,0,102,0.0,1,1,1,1,1,1
28,0,171,5.0,1,1,1,1,1,1
13,0,174,0.0,1,0,1,1,1,1
16,1,115,0.0,0,1,1,0,0,0
20,0,181,0.0,0,0,1,1,1,0
26,2,211,0.0,0,1,1,0,1,1
6,2,185,0.0,0,0,1,0,1,1
28,2,107,0.0,0,0,1,0,0,1
26,0,101,0.0,0,1,1,0,1,1
2,1,154,0.0,1,0,1,1,0,1
27,1,160,4.9,1,1,1,1,1,1
26,2,45,0.0,0,1,1,1,1,1
8,2,94,0.0,1,1,1,0,1,0
30,1,40,0.0,0,0,1,0,0,1
3,0,8,0.0,1,1,1,0,1,1
1,0,51,0.0,0,0,1,1,1,1
7,1,157,0.0,0,1,1,1,1,1
23,1,6,0.0,0,0,1,1,0,0
28,0,122,0.0,0,0,1,0,1,1
18,0,82,0.0,0,1,1,0,0,0
31,0,25,0.0,1,0,1,1,0,0
26,0,85,0.0,1,1,1,1,1,1
1,0,51,0.0,1,1,1,1,1,1
28,2,188,0.0,1,1,1,1,1,1
10,1,211,0.0,1,1,1,0,1,1
16,0,115,0.0,1,1,1,1,1,1
12,2,125,0.0,0,1,1,0,0,1
4,1,102,0.0,1,1,1,1,1,1
12,0,162,0.0,0,1,1,1,1,0
1,1,5,0.0,1,1,1,1,1,1
4,2,47,0.0,0,1,1,1,0,1
28,1,75,0.0,1,1,1,1,1,0
13,0,109,0.0,0,1,1,1,1,0
1,2,70,0.0,0,0,1,1,0,0
28,1,158,5.0,0,1,1,0,1,0
2,2,127,0.0,0,1,1,0,1,1
27,2,160,5.0,0,1,1,0,1,1
7,2,157,0.0,0,1,1,1,0,1
2,2,90,0.0,0,1,1,0,0,1
19,0,56,0.0,1,1,1,1,1,1
16,0,126,0.0,0,1,1,0,1,1
6,1,36,0.0,0,1,1,0,0,0
3,0,54,0.0,1,1,1,1,1,1
4,2,28,0.0,1,0,1,1,1,1
24,0,194,0.0,1,1,1,1,1,1
5,1,209,0.0,0,0,1,1,0,1
26,0,45,0.0,0,1,1,1,1,0
19,0,199,0.0,1,1,1,1,1,1
7,2,170,0.0,0,0,1,0,1,1
6,0,37,0.0,0,1,1,0,1,0
10,2,211,0.0,0,0,1,0,0,1
7,2,170,0.0,0,0,1,0,1,1
19,0,199,0.0,1,1,1,1,1,1
29,0,191,0.0,0,1,1,1,0,0
4,1,47,0.0,0,0,1,0,1,1
25,0,184,0.0,1,1,1,1,1,1
20,0,116,0.0,1,1,1,1,1,1
19,1,14,0.0,1,0,1,1,1,1
10,1,141,0.0,0,1,1,0,0,0
29,1,11,0.0,0,1,1,0,0,1
10,2,211,0.0,0,1,1,0,0,1
12,0,171,0.0,0,1,1,1,1,1
10,1,45,4.9,0,0,1,0,0,1
23,2,6,4.1,0,0,1,1,1,1
26,2,45,0.0,0,1,1,1,0,1
28,2,188,5.0,0,1,1,1,1,1
19,2,199,0.0,0,0,0,1,0,0
7,1,175,0.0,0,1,1,0,1,1
30,2,40,0.0,0,1,1,1,1,1
28,0,188,0.0,0,0,1,0,1,0
18,2,40,0.0,0,1,1,1,1,1
1,2,5,0.0,1,1,1,1,1,0
10,0,141,0.0,1,1,1,1,1,1
2,0,137,0.0,0,1,1,0,1,1
26,2,141,0.0,1,1,1,0,0,1
10,0,141,0.0,0,1,1,0,1,1
26,1,164,0.0,0,1,1,0,1,1
24,2,194,5.0,0,1,1,1,1,1
1,0,5,0.0,0,1,1,0,1,1
17,2,200,0.0,0,0,1,0,1,1
30,2,103,0.0,0,0,1,0,1,1
18,2,167,0.0,1,1,1,1,1,1
27,1,160,0.0,0,1,1,1,1,1
27,2,7,5.0,1,1,1,1,0,1
18,0,82,5.0,1,1,1,1,1,1
16,0,126,0.0,1,1,1,1,1,0
30,2,82,0.0,1,1,1,1,1,1
29,2,191,0.0,1,0,1,1,0,1
27,2,160,0.0,0,0,1,1,1,1
21,0,129,0.0,0,1,1,0,1,1
6,2,78,0.0,1,1,1,1,1,1
2,0,137,0.0,0,1,1,0,1,0
28,0,188,3.8,1,1,1,0,1,0
10,2,211,0.0,0,1,1,1,1,1
29,2,57,0.0,0,0,1,0,1,1
27,1,160,0.0,0,0,1,0,1,1
18,2,167,0.0,0,1,1,0,0,0
7,0,118,0.0,1,1,1,1,1,1
29,1,180,0.0,0,0,1,1,1,0
6,0,78,0.0,1,1,1,1,1,1
25,2,170,5.0,0,1,1,0,0,1
7,2,151,0.0,0,0,1,1,1,1
27,2,97,0.0,1,1,1,1,1,1
5,1,39,2.5,0,1,1,0,1,1
2,2,155,4.4,0,1,1,0,1,1
7,1,170,5.0,0,1,1,0,1,1
26,2,211,0.0,0,1,1,0,0,1
5,0,39,0.0,0,1,1,1,0,1
25,0,118,0.0,1,0,1,1,1,1
27,2,208,0.0,1,1,1,1,1,1
1,1,70,0.0,1,1,1,1,1,1
13,1,2,0.0,0,0,1,0,1,1
4,2,72,0.0,0,1,1,0,0,1
24,0,194,0.0,1,1,1,0,1,1
24,0,155,0.0,1,1,1,1,1,1
16,2,115,0.0,0,0,1,0,0,1
2,2,194,0.0,0,1,1,1,0,0
27,1,53,0.0,1,1,1,1,1,1
12,2,33,0.0,1,1,1,1,1,1
21,2,198,0.0,0,1,1,0,1,0
8,2,94,0.0,0,1,1,0,0,0
29,0,11,0.0,0,1,1,0,1,1
24,1,194,0.0,0,0,1,0,0,1
5,2,209,0.0,1,0,1,1,1,1
3,1,54,0.0,0,0,1,1,1,0
12,2,125,0.0,0,1,1,0,1,1
12,0,202,0.0,0,1,1,1,1,1
3,2,8,0.0,0,1,1,0,0,1
3,2,8,0.0,1,1,1,1,1,1
5,2,139,0.0,0,0,1,1,1,1
31,2,222,4.8,0,1,1,0,0,1
9,0,161,0.0,0,0,1,0,1,1
28,2,171,0.0,0,1,1,0,0,0
18,2,40,0.0,0,1,1,0,1,1
2,2,83,0.0,0,1,1,1,1,1
19,1,130,0.0,1,1,1,1,0,1
25,2,170,0.0,0,1,1,0,1,1
6,2,36,0.0,0,0,1,0,0,1
1,2,51,0.0,1,0,1,1,1,1
19,2,199,0.0,0,0,1,1,1,1
16,2,191,0.0,0,0,1,1,0,1
25,2,118,0.0,1,1,1,1,1,1
3,0,54,0.0,1,0,1,1,1,1
7,1,170,5.0,0,1,1,0,0,0
26,2,211,0.0,0,0,1,1,0,0
22,0,55,0.0,1,1,1,1,1,1
28,0,99,0.0,0,1,1,0,0,1
5,2,209,0.0,1,0,1,1,1,1
9,2,161,0.0,0,1,1,0,0,1
12,1,158,5.0,1,1,1,0,1,1
10,1,45,0.0,1,1,1,1,1,0
3,2,8,0.0,0,0,1,0,0,1
28,2,133,0.0,0,1,1,1,0,1
20,0,201,0.0,1,1,1,1,1,0
24,1,155,0.0,0,1,1,0,1,0
19,2,199,0.0,0,1,1,0,0,0
8,2,159,0.0,0,1,1,1,0,1
28,2,122,0.0,0,1,1,0,1,1
4,1,47,0.0,0,1,1,0,1,1
31,1,29,4.6,0,1,1,1,0,0
5,2,139,0.0,0,0,1,1,1,0
0,0,3,0.0,1,0,1,0,1,1
17,0,121,0.0,0,0,1,1,1,1
26,1,211,0.0,0,1,1,0,0,0
31,0,221,0.0,1,1,1,1,1,1
27,1,160,0.0,1,0,1,1,1,1
12,1,202,0.0,1,1,1,1,1,0
10,2,45,0.0,0,1,1,1,0,1
2,2,127,0.0,0,1,1,1,1,1
13,0,174,0.0,1,1,1,1,1,1
25,2,157,0.0,0,1,1,0,1,1
26,2,101,0.0,0,0,1,0,1,1
30,1,38,0.0,1,0,1,1,1,1
23,0,52,0.0,0,1,1,0,0,0
27,2,156,0.0,0,1,1,1,1,1
27,1,156,0.0,1,1,1,1,1,1
26,2,211,0.0,0,0,1,0,1,1
28,0,122,0.0,1,1,1,0,1,1
24,0,194,5.0,0,1,1,1,1,1
23,1,6,0.0,0,1,1,0,0,1
26,2,85,0.0,0,1,1,0,1,1
2,2,137,0.0,0,0,1,0,0,1
31,2,73,0.0,1,1,1,1,1,1
12,0,122,5.0,0,1,1,1,1,1
23,0,6,0.0,0,1,1,1,1,1
2,0,207,0.0,1,0,1,1,0,1
5,1,209,0.0,0,1,1,0,1,1
28,2,158,0.0,1,1,1,0,1,1
12,0,68,0.0,0,1,1,0,1,0
21,0,146,0.0,1,1,1,1,1,1
10,2,141,5.0,0,1,1,0,0,1
18,0,40,0.0,1,0,1,0,1,1
24,2,207,0.0,0,1,1,0,0,0
16,0,126,0.0,0,1,1,1,1,0
27,2,160,0.0,1,1,1,1,1,1
10,2,101,0.0,0,1,1,0,0,1
31,2,29,0.0,1,1,1,1,0,1
18,0,82,0.0,1,0,1,0,1,0
19,1,199,0.0,1,0,1,1,1,1
18,1,167,0.0,1,1,1,1,0,1
1,0,5,0.0,1,1,1,0,1,1
18,1,103,0.0,0,1,1,1,0,0
5,2,209,5.0,0,1,1,0,1,1
31,2,143,3.8,1,0,0,1,1,1
28,0,107,0.0,0,1,1,1,1,1
28,0,190,0.0,1,1,1,1,1,1
5,1,139,0.0,1,1,1,1,1,1
28,1,169,0.0,0,1,1,0,1,1
16,0,11,0.0,0,1,1,0,1,1
25,1,106,0.0,0,1,0,0,0,0
12,0,122,0.0,1,1,1,0,1,1
5,0,39,0.0,0,0,1,1,0,1
18,0,40,0.0,1,1,1,0,1,1
23,0,6,0.0,0,1,1,1,1,1
7,2,170,0.0,0,1,1,1,1,1
8,2,159,5.0,1,1,1,1,1,1
1,2,51,0.0,1,0,1,1,1,1
24,1,41,0.0,0,0,1,0,1,1
7,2,106,0.0,0,0,1,0,1,1
8,1,159,0.0,0,1,1,1,0,1
7,2,157,0.0,0,0,1,0,0,1
2,0,155,0.0,0,0,1,0,1,1
24,0,127,0.0,0,1,1,1,0,1
7,1,157,0.0,0,1,1,1,0,1
4,0,102,0.0,1,1,1,1,0,1
25,2,157,0.0,0,0,1,1,0,1
4,2,47,0.0,1,1,1,1,1,1
31,2,21,0.0,1,1,1,1,1,1
7,2,170,0.0,0,0,1,0,1,1
26,2,101,0.0,0,1,1,1,1,1
5,1,139,0.0,0,1,1,1,0,1
22,0,153,0.0,1,1,1,1,1,0
18,0,167,0.0,0,1,1,0,0,0
24,1,127,0.0,0,1,1,1,0,1
17,2,121,0.0,0,1,1,0,1,1
31,2,215,4.9,1,1,1,1,0,1
2,2,127,0.0,1,1,1,1,1,1
23,2,52,0.0,0,1,0,0,0,1
10,1,211,0.0,0,1,1,0,1,1
31,1,215,5.0,1,1,1,1,1,1
19,0,199,0.0,1,1,1,1,1,1
5,2,209,0.0,0,1,1,0,0,1
24,2,155,0.0,0,1,1,1,1,0
6,0,183,0.0,0,1,1,0,1,0
2,2,194,0.0,0,0,1,1,0,1
4,0,47,0.0,1,1,1,0,1,0
26,2,85,0.0,0,1,1,0,0,0
19,0,130,5.0,1,1,1,1,1,1
12,0,188,0.0,0,0,1,1,1,1
31,0,143,0.0,0,1,0,1,0,1
21,0,218,0.0,1,1,1,1,1,1
24,1,127,0.0,0,0,1,1,0,1
19,2,199,0.0,0,0,1,0,1,1
28,2,122,0.0,1,0,1,1,1,1
4,2,47,0.0,1,1,1,1,0,1
3,2,8,0.0,0,1,1,0,0,1
25,2,170,0.0,0,1,1,1,1,1
16,2,11,0.0,0,1,1,0,0,1
25,2,157,0.0,0,0,1,0,1,1
24,2,194,0.0,0,1,1,1,1,1
2,0,194,0.0,1,1,1,1,1,1
31,0,29,0.0,1,1,1,1,1,1
19,0,130,0.0,1,0,1,1,1,0
19,0,199,0.0,1,1,1,1,1,1
5,2,209,5.0,1,0,1,1,1,1
4,1,86,0.0,1,0,1,1,1,1
8,2,159,0.0,0,0,1,0,0,1
5,2,139,0.0,0,0,1,1,0,1
12,0,188,0.0,1,1,1,1,1,1
6,0,36,0.0,1,1,1,1,1,1
2,1,154,0.0,0,0,1,1,0,1
28,0,99,0.0,1,0,1,1,1,1
3,1,8,0.0,0,1,1,1,0,1
23,2,52,0.0,0,1,1,1,0,1
9,0,161,0.0,1,1,1,1,1,1
13,1,174,0.0,0,0,1,1,1,1
2,1,127,0.0,0,1,1,1,0,1
27,1,160,0.0,0,1,1,1,1,1
2,2,127,0.0,0,1,1,0,0,0
5,2,209,0.0,1,1,1,1,1,1
25,0,170,0.0,1,1,1,1,1,1
16,2,115,0.0,0,0,1,0,1,1
30,0,38,4.4,1,1,1,1,1,1
7,0,170,0.0,0,1,1,0,0,0
27,2,160,0.0,0,1,1,0,0,1
26,1,211,0.0,0,1,1,0,1,1
3,0,54,0.0,0,0,1,0,0,0
6,0,78,0.0,0,1,1,0,0,0
6,2,36,0.0,0,0,1,0,0,1
19,1,199,0.0,1,0,1,0,1,1
27,1,160,0.0,1,1,1,1,1,1
25,2,170,0.0,0,1,1,0,1,1
26,2,45,0.0,0,0,1,1,0,1
6,2,36,0.0,1,0,1,1,0,1
9,1,98,5.0,0,1,1,1,1,1
27,2,97,0.0,0,0,1,1,1,1
16,0,126,0.0,0,1,1,0,1,0
7,2,151,0.0,1,0,1,1,1,1
22,0,147,0.0,0,1,1,0,1,0
3,2,8,0.0,1,1,1,0,1,1
0,1,3,0.0,0,1,1,0,0,0
8,1,94,0.0,0,1,1,0,1,0
28,2,33,0.0,1,1,1,1,1,1
19,2,199,0.0,0,0,1,0,0,1
23,0,52,0.0,0,1,0,0,1,0
19,0,130,0.0,0,0,1,0,1,0
4,0,102,0.0,1,1,1,1,1,1
7,1,106,0.0,0,1,1,0,1,1
28,2,188,5.0,1,1,1,1,1,1
2,1,194,0.0,0,0,1,0,0,1
30,1,40,0.0,0,0,1,1,1,0
10,2,141,0.0,0,0,0,0,0,0
16,1,191,0.0,0,1,0,1,0,0
4,1,47,0.0,0,1,1,1,1,1
4,1,102,0.0,0,1,1,1,1,0
26,2,141,0.0,0,0,1,1,0,1
5,2,209,5.0,0,1,1,1,1,1
18,2,20,0.0,0,1,1,0,0,0
30,0,82,0.0,0,1,1,1,1,1
13,1,109,0.0,1,1,1,1,1,1
26,2,101,0.0,0,0,1,1,1,1
12,0,171,0.0,1,1,1,0,1,1
1,0,51,0.0,0,1,0,0,0,0
28,0,190,0.0,0,1,1,1,0,1
28,2,107,0.0,0,1,1,1,1,1
27,2,160,0.0,0,1,1,1,1,1
28,2,188,0.0,0,0,1,0,1,1
18,1,82,0.0,0,1,1,0,1,0
4,1,47,0.0,1,1,1,0,1,0
26,2,211,0.0,0,0,1,1,0,1
12,0,122,0.0,0,1,1,0,1,1
4,2,166,0.0,0,1,1,1,1,1
26,0,101,0.0,0,1,1,1,1,1
4,2,72,0.0,1,1,1,0,0,1
10,0,45,0.0,1,1,1,0,1,1
16,1,11,0.0,0,1,1,0,1,0
13,0,174,0.0,0,1,1,0,0,1
20,1,201,5.0,0,1,1,0,1,0
23,2,6,0.0,0,0,1,1,1,1
31,2,29,0.0,1,0,1,0,1,1
24,0,137,0.0,0,1,1,0,1,0
5,2,209,0.0,0,0,1,0,0,1
6,2,36,0.0,0,1,1,1,1,1
2,2,194,0.0,0,0,1,0,1,1
18,0,167,0.0,0,1,1,1,1,0
27,1,160,0.0,0,1,1,1,0,1
2,2,127,0.0,1,1,1,1,1,1
24,2,194,0.0,1,0,1,1,1,1
1,0,5,0.0,1,1,1,1,1,1
21,2,146,0.0,0,0,1,1,1,1
30,1,40,0.0,0,0,1,0,1,1
26,1,141,5.0,1,1,1,0,1,0
27,2,208,5.0,0,1,1,0,0,1
10,1,211,0.0,0,1,1,1,1,1
4,0,47,0.0,0,1,1,0,1,1
30,2,88,0.0,0,1,1,1,1,1
3,0,8,0.0,0,0,1,1,1,1
19,0,130,0.0,1,0,1,1,1,1
2,0,194,0.0,0,1,1,0,1,1
28,0,202,0.0,1,1,1,1,1,1
20,1,201,0.0,0,0,1,1,1,0
10,2,211,0.0,0,0,1,1,1,1
27,2,208,0.0,1,1,1,1,1,1
28,0,171,0.0,0,1,0,0,1,1
10,2,211,5.0,0,0,1,1,0,0
28,0,122,0.0,0,1,1,0,1,1
24,2,155,0.0,0,1,1,1,1,1
10,2,85,0.0,0,1,1,0,0,1
6,0,35,0.0,0,0,1,1,0,1
19,2,199,0.0,0,1,0,1,0,1
6,2,36,0.0,1,0,1,1,0,1
25,2,170,0.0,0,1,1,1,0,1
8,2,94,0.0,0,1,1,0,0,1
30,0,167,5.0,1,0,1,1,1,0
31,2,222,5.0,0,1,1,1,0,1
5,2,209,0.0,0,1,1,1,0,1
8,2,94,5.0,0,1,1,1,1,1
24,0,193,0.0,0,1,1,0,1,1
12,0,162,0.0,0,1,1,1,1,1
8,2,18,0.0,0,1,1,1,0,1
5,2,139,0.0,0,1,1,0,0,1
28,0,162,0.0,0,1,1,1,1,0
3,1,54,0.0,0,1,1,1,0,1
1,2,5,0.0,1,0,1,1,1,1
9,2,161,0.0,1,1,1,1,1,1
2,2,155,0.0,0,0,1,0,1,1
30,0,38,0.0,0,1,0,0,1,0
17,2,1,0.0,0,0,1,0,1,0
28,2,188,0.0,0,1,0,1,1,0
22,1,9,0.0,0,1,1,0,0,0
7,0,151,0.0,1,0,1,1,1,1
3,0,8,4.8,1,1,1,0,1,1
12,0,107,0.0,0,1,1,0,1,0
12,0,162,0.0,1,0,1,1,0,0
23,0,6,0.0,0,1,1,0,1,0
2,0,194,0.0,0,1,1,0,1,1
12,0,162,0.0,0,1,1,1,1,0
24,2,127,0.0,0,0,1,0,0,1
25,1,170,4.9,0,1,1,0,1,0
18,2,40,0.0,1,1,1,1,0,1
17,0,187,0.0,0,0,1,0,0,1
19,0,130,0.0,0,1,1,0,0,1
26,2,211,0.0,0,0,1,1,1,1
16,1,58,0.0,0,0,1,1,1,1
25,2,157,0.0,0,1,1,0,1,1
12,2,133,0.0,0,1,1,1,0,1
27,1,208,3.8,0,1,1,0,0,1
18,0,40,0.0,0,1,1,1,1,1
22,0,9,0.0,0,0,1,0,1,0
2,2,194,0.0,1,1,1,0,1,1
5,2,209,0.0,0,0,1,0,0,1
10,1,45,0.0,0,0,1,0,0,0
2,2,194,0.0,0,1,1,0,0,1
24,0,90,0.0,0,1,0,0,1,0
18,0,148,0.0,1,0,1,0,1,1
24,2,194,0.0,0,1,1,0,1,1
28,2,202,0.0,0,0,1,0,1,0
27,2,160,5.0,0,1,1,1,0,1
30,1,167,0.0,1,0,1,1,1,1
26,2,211,5.0,0,0,1,1,0,0
6,0,78,0.0,0,0,1,0,0,1
19,0,10,0.0,0,0,1,0,1,0
26,0,141,0.0,1,1,1,1,1,0
25,0,184,4.8,0,1,1,0,1,1
21,0,129,0.0,0,0,1,0,1,1
1,0,5,0.0,1,1,1,1,1,1
30,0,167,0.0,0,1,1,0,1,1
30,0,82,0.0,0,1,1,0,1,1
3,0,8,0.0,1,1,1,1,1,1
23,2,6,0.0,0,1,1,1,1,1
31,0,221,0.0,1,1,1,1,1,1
16,0,180,0.0,0,1,1,0,0,1
1,0,5,0.0,0,1,1,0,1,1
31,0,29,0.0,1,1,1,1,0,1
31,1,31,0.0,1,0,1,1,1,1
31,2,29,0.0,0,1,1,0,0,1
6,2,78,0.0,0,0,1,0,0,1
6,0,214,0.0,0,1,1,0,1,1
10,2,45,0.0,0,1,1,0,0,1
16,0,57,0.0,0,0,0,0,1,0
7,0,170,0.0,0,1,1,0,1,1
27,1,97,0.0,0,1,1,1,0,1
17,2,187,0.0,1,0,1,1,1,1
30,0,38,0.0,0,0,1,0,1,0
12,0,171,0.0,0,1,1,1,1,1
17,2,200,0.0,0,1,0,0,1,1
1,0,5,0.0,0,1,1,1,1,1
8,0,135,0.0,0,0,1,0,0,0
27,1,160,4.8,0,1,1,0,0,1
5,0,139,0.0,1,1,1,1,1,1
24,2,155,4.4,0,1,1,0,1,1
10,0,223,0.0,0,1,0,0,1,1
29,0,126,0.0,1,1,1,1,1,1
12,0,171,0.0,0,1,1,1,1,1
31,2,29,0.0,1,1,1,1,1,1
6,0,78,0.0,0,0,1,0,1,0
30,0,103,0.0,1,0,1,1,1,1
5,2,209,0.0,0,1,1,1,0,1
19,2,199,0.0,0,1,1,0,0,1
3,0,8,0.0,1,0,1,1,1,1
28,2,133,0.0,0,1,1,0,1,1
10,2,141,0.0,0,0,1,0,1,1
9,2,98,0.0,0,1,1,1,0,0
12,0,202,0.0,1,1,1,1,1,1
18,1,167,0.0,1,1,1,1,1,1
10,0,85,0.0,1,1,1,1,1,1
5,1,81,0.0,0,0,1,1,1,0
4,1,47,0.0,1,1,1,1,0,1
24,2,127,0.0,1,0,1,1,1,1
27,2,160,0.0,0,0,1,1,1,1
12,0,107,0.0,1,1,1,1,1,1
1,1,5,0.0,0,0,1,1,1,1
27,2,208,0.0,1,1,1,1,1,1
30,0,82,5.0,1,1,1,1,1,1
28,0,99,0.0,1,1,1,0,1,1
2,0,127,0.0,0,0,1,1,1,1
4,2,47,0.0,0,1,1,1,1,1
26,0,211,0.0,1,1,1,1,1,1
7,2,170,0.0,0,0,1,0,0,1
5,2,209,0.0,0,0,1,1,1,1
26,2,101,0.0,1,0,1,1,1,1
3,2,8,0.0,0,1,1,1,0,0
21,0,218,0.0,1,1,1,1,1,1
29,0,126,0.0,0,1,1,0,1,1
26,0,45,0.0,1,1,1,1,1,0
8,1,159,0.0,0,0,1,0,1,0
8,2,94,0.0,0,1,1,1,0,1
12,0,107,0.0,0,1,0,0,1,0
19,2,130,0.0,0,1,1,1,0,1
17,2,187,0.0,0,1,1,0,1,1
13,1,174,0.0,1,1,1,1,1,1
27,1,160,0.0,0,1,1,0,0,1
26,1,141,0.0,1,1,0,1,1,1
10,2,141,0.0,0,0,1,0,1,1
4,1,47,0.0,1,1,1,1,1,1
7,2,157,0.0,0,1,1,0,1,1
28,0,99,0.0,1,1,1,0,1,1
4,2,47,0.0,1,1,1,1,0,1
5,2,209,0.0,1,0,1,1,1,1
19,2,199,0.0,1,1,1,1,1,1
26,2,101,0.0,1,0,1,1,1,1
4,0,166,0.0,1,1,1,1,1,0
4,0,166,0.0,1,1,1,1,1,1
16,2,180,0.0,0,1,1,1,1,1
23,2,52,0.0,0,1,1,1,0,1
27,2,160,5.0,0,1,1,1,1,1
22,0,147,0.0,1,0,0,1,0,0
19,2,199,0.0,0,1,1,1,1,1
31,0,128,4.6,1,1,1,1,1,1
13,0,109,0.0,1,1,1,1,1,1
31,1,150,0.0,1,0,1,1,1,1
26,2,141,5.0,0,1,1,0,0,1
18,1,103,0.0,0,1,1,0,0,0
5,2,182,0.0,1,0,1,1,1,1
3,0,42,0.0,0,1,1,1,1,0
24,2,194,5.0,0,1,1,0,1,1
26,0,164,0.0,0,1,1,1,1,0
12,0,99,0.0,1,1,1,0,1,1
10,2,141,0.0,0,1,1,0,1,1
9,2,161,0.0,0,0,1,1,0,1
30,0,103,4.9,1,1,1,1,1,1
30,0,167,0.0,1,0,1,0,1,0
28,1,171,0.0,1,1,1,1,1,1
23,2,52,0.0,0,1,1,0,0,1
28,2,125,0.0,0,1,1,0,0,1
31,2,73,0.0,1,0,1,1,1,1
5,0,182,4.8,0,1,1,1,1,1
4,0,166,0.0,1,1,1,1,1,1
24,1,127,0.0,0,0,1,0,1,1
8,2,159,0.0,1,1,1,0,1,1
30,1,82,0.0,0,1,1,1,0,1
16,2,11,5.0,0,1,1,0,1,1
18,2,40,0.0,0,1,1,1,1,1
6,0,78,0.0,1,0,1,1,1,1
10,2,211,0.0,0,0,1,1,1,1
30,0,82,0.0,1,0,1,0,1,0
7,0,151,0.0,1,0,1,1,1,1
25,1,170,0.0,0,1,1,0,1,1
30,2,103,0.0,1,0,1,1,0,1
27,2,97,0.0,0,1,1,1,1,1
26,2,141,5.0,0,1,1,0,1,1
28,2,190,0.0,0,1,1,0,1,1
19,2,130,0.0,0,1,1,0,1,1
7,2,157,0.0,0,1,1,0,1,1
3,0,8,0.0,0,0,1,1,1,1
22,1,89,0.0,0,0,1,1,1,1
9,2,161,0.0,0,0,1,0,1,1
26,2,85,0.0,0,0,1,0,0,1
31,1,222,0.0,1,1,1,1,1,1
16,2,180,0.0,1,1,1,1,1,1
16,1,191,0.0,0,1,1,0,0,0
7,0,118,0.0,0,1,1,1,1,0
4,0,47,0.0,0,0,1,0,1,1
24,2,194,0.0,0,1,1,1,1,1
13,0,109,0.0,0,1,1,1,1,1
5,2,139,0.0,0,0,1,1,1,1
6,2,78,0.0,1,1,1,0,0,0
5,2,139,0.0,0,1,1,0,0,1
7,1,106,0.0,0,1,1,0,0,1
28,1,162,0.0,0,0,1,0,1,1
6,0,78,0.0,1,1,1,1,1,1
6,2,78,0.0,0,1,1,1,1,1
26,1,211,0.0,1,1,1,0,1,1
17,1,131,0.0,0,0,1,0,0,1
28,0,107,0.0,0,0,0,0,0,0
1,2,51,0.0,0,0,1,0,1,1
12,2,99,5.0,0,1,1,0,0,1
23,2,6,0.0,0,1,1,1,0,1
31,2,21,4.9,1,0,1,0,1,1
6,0,36,0.0,1,0,1,1,1,1
30,0,20,0.0,1,0,1,1,1,1
23,0,6,0.0,0,1,1,0,1,1
5,2,182,0.0,0,1,1,0,0,1
6,2,78,0.0,1,0,1,1,1,1
1,0,70,0.0,0,1,1,0,1,1
17,2,187,0.0,0,1,1,1,1,1
12,0,99,0.0,0,0,0,0,0,0
31,1,73,5.0,1,1,1,1,1,1
12,1,158,0.0,1,1,1,1,1,1
17,2,121,0.0,1,1,1,1,1,1
26,2,76,0.0,0,1,1,0,1,1
30,0,82,0.0,0,1,1,0,0,0
2,1,194,0.0,0,1,1,0,0,1
21,0,198,0.0,0,1,1,1,1,1
12,2,171,0.0,1,1,1,1,1,1
26,2,211,0.0,0,0,1,0,0,1
28,2,99,0.0,0,1,1,1,1,1
7,2,118,0.0,1,0,1,1,1,1
4,0,102,0.0,1,1,1,1,0,1
6,2,78,0.0,1,1,1,1,1,1
30,0,167,0.0,1,0,1,0,1,0
19,2,199,0.0,1,0,1,1,1,1
10,1,85,0.0,1,1,1,1,1,1
18,0,38,0.0,1,1,1,1,1,1
5,2,139,0.0,0,0,1,0,1,1
26,1,141,0.0,0,1,1,1,0,1
2,1,127,0.0,0,1,1,0,0,1
7,1,170,0.0,0,1,1,0,0,0
5,0,182,0.0,1,1,1,1,1,1
26,1,211,0.0,1,0,1,0,1,1
10,2,211,5.0,0,1,1,1,0,1
19,0,199,0.0,0,0,1,1,0,0
19,2,130,0.0,1,1,1,1,0,1
21,2,218,0.0,0,1,1,0,0,1
22,2,147,0.0,0,0,1,1,0,0
8,0,159,0.0,1,1,1,1,1,1
11,2,100,0.0,1,0,1,1,1,1
28,1,188,4.4,1,1,1,1,1,1
24,0,90,0.0,0,1,1,0,1,1
15,1,113,0.0,0,1,1,1,1,0
31,0,29,0.0,1,0,1,1,1,1
2,2,83,0.0,0,1,1,1,1,1
6,0,185,0.0,1,1,1,0,1,1
24,2,155,0.0,0,0,1,0,1,1
10,2,141,0.0,1,0,1,1,1,0
5,2,139,0.0,0,1,1,0,0,1
0,0,50,5.0,0,1,1,0,1,1
12,0,107,0.0,0,1,1,0,0,1
9,2,98,0.0,1,0,1,1,1,1
29,1,58,0.0,0,0,1,1,1,1
19,2,199,0.0,0,1,1,1,1,1
18,2,38,0.0,1,1,1,0,1,1
25,2,170,0.0,0,0,1,0,1,1
3,1,8,0.0,1,0,1,1,1,1
6,1,36,0.0,1,1,1,1,1,1
1,2,51,0.0,0,0,1,1,1,1
26,1,211,5.0,0,0,1,0,0,1
17,0,121,0.0,0,1,1,1,1,1
2,2,194,0.0,1,0,1,1,1,1
3,2,8,0.0,0,1,1,1,1,1
2,2,127,0.0,0,0,1,0,1,1
30,1,167,0.0,1,0,1,0,1,1
7,2,170,0.0,1,0,1,1,0,1
2,0,155,5.0,0,0,0,0,0,0
18,2,40,0.0,0,1,1,1,1,1
4,2,47,4.8,1,1,1,1,1,1
28,1,105,0.0,0,1,1,0,1,1
27,2,208,0.0,0,1,1,1,1,1
4,2,166,0.0,0,0,1,1,0,1
31,0,21,0.0,1,1,1,1,0,1
30,0,38,0.0,0,1,1,1,1,1
24,2,90,0.0,0,1,1,0,0,1
22,0,9,0.0,1,1,1,0,1,1
4,2,72,0.0,0,1,0,1,1,0
22,2,147,0.0,0,1,1,0,0,1
22,1,89,0.0,0,0,1,1,0,1
26,2,141,0.0,0,1,1,0,0,1
19,0,10,0.0,1,0,1,1,1,1
31,2,29,4.6,1,0,1,1,1,1
4,0,47,0.0,1,1,1,0,1,0
19,2,199,0.0,1,0,1,1,0,0
24,2,127,0.0,0,1,1,1,1,1
13,2,174,0.0,1,1,1,1,1,1
18,0,103,0.0,0,0,1,0,0,1
10,1,211,5.0,0,1,1,0,1,1
28,0,122,0.0,1,1,1,0,1,1
10,0,141,0.0,1,1,1,1,1,1
27,2,208,0.0,0,1,1,1,0,1
4,0,47,0.0,0,1,1,1,1,1
3,1,8,0.0,1,1,1,0,1,0
3,0,54,0.0,1,1,1,1,1,1
29,1,11,0.0,0,0,1,0,0,0
30,0,80,0.0,0,1,1,1,1,0
26,2,101,0.0,1,0,1,1,1,1
23,1,52,0.0,0,0,1,0,0,0
21,0,218,0.0,1,1,1,0,1,0
8,0,94,0.0,0,1,0,1,1,0
10,1,141,0.0,0,1,1,0,0,0
4,1,47,0.0,1,1,1,1,0,1
18,2,40,0.0,0,0,1,0,1,1
19,2,199,0.0,1,0,1,1,0,1
2,0,137,0.0,0,1,1,0,1,1
17,0,187,0.0,1,1,1,1,1,1
1,2,51,0.0,1,1,1,1,0,1
24,2,155,0.0,0,1,1,0,1,1
27,2,160,0.0,0,1,1,1,1,1
23,0,6,0.0,0,1,1,1,0,1
8,1,94,0.0,0,1,1,1,0,1
30,2,40,0.0,0,0,1,1,1,1
5,2,81,0.0,0,1,1,0,1,1
18,2,95,0.0,0,1,1,1,0,1
22,0,89,0.0,0,0,1,1,1,1
19,2,199,0.0,0,0,1,1,0,0
30,2,103,0.0,1,1,1,1,1,1
27,1,160,0.0,1,1,1,1,1,1
13,0,174,0.0,1,1,1,1,1,1
18,0,88,0.0,1,1,1,1,1,1
12,1,105,0.0,0,1,1,0,1,1
4,1,102,0.0,0,1,1,0,1,1
7,1,170,0.0,1,0,1,0,1,1
30,0,40,0.0,1,1,1,1,1,1
7,2,118,0.0,1,0,1,1,1,1
6,0,214,0.0,0,1,1,1,1,1
26,2,141,0.0,0,0,1,0,1,1
2,2,194,0.0,1,1,1,1,1,1
9,2,161,0.0,0,0,0,0,1,1
2,0,127,0.0,0,1,1,1,0,1
30,0,40,0.0,0,1,1,1,1,1
2,0,137,0.0,0,1,1,0,1,1
25,2,170,0.0,0,1,1,0,1,1
27,2,156,5.0,1,1,1,1,1,1
2,1,127,0.0,0,0,1,0,1,1
12,1,99,0.0,0,1,1,0,0,1
1,1,5,0.0,1,0,1,1,1,1
5,2,139,0.0,0,1,1,0,0,1
5,1,39,0.0,0,0,1,1,0,1
30,0,103,0.0,0,0,1,1,0,1
19,2,130,0.0,1,1,1,1,0,1
20,0,201,0.0,0,1,1,0,1,1
5,2,139,0.0,0,0,1,1,1,1
1,1,51,0.0,1,1,1,1,1,1
16,0,191,0.0,1,0,1,1,1,1
29,1,180,0.0,0,1,1,0,0,0
25,2,157,0.0,0,1,1,0,0,1
18,0,82,0.0,0,1,1,0,1,1
25,2,170,0.0,1,1,1,1,1,1
16,2,11,0.0,0,1,1,1,0,0
26,0,211,0.0,1,0,1,1,1,1
30,2,20,0.0,0,1,0,0,0,0
22,0,147,0.0,1,1,1,1,1,1
13,2,109,0.0,0,0,1,1,1,1
2,0,90,0.0,0,0,1,0,1,1
2,2,194,0.0,0,0,1,0,0,1
30,0,40,0.0,1,0,1,0,1,1
28,1,202,0.0,0,1,1,1,1,0
1,1,51,0.0,0,0,1,1,1,1
19,0,130,0.0,1,0,1,1,1,1
12,0,171,5.0,1,1,1,1,1,0
7,0,170,0.0,0,1,1,0,1,1
27,2,97,0.0,0,1,1,1,0,1
18,0,167,0.0,1,1,1,1,1,1
22,2,147,0.0,0,0,1,0,1,1
28,2,169,0.0,0,0,1,0,1,0
8,1,94,0.0,0,1,1,0,0,0
24,2,137,0.0,0,1,1,0,1,1
10,0,85,0.0,0,1,1,0,1,1
26,2,211,0.0,1,1,1,1,1,1
24,0,90,0.0,0,0,1,0,1,1
10,2,211,0.0,1,1,1,1,1,1
12,2,188,0.0,1,1,1,1,1,1
4,2,47,0.0,0,1,1,1,1,1
18,0,103,0.0,0,1,1,0,0,1
3,1,54,0.0,0,1,1,0,0,0
3,0,8,0.0,0,1,1,0,1,1
31,1,144,0.0,1,0,1,1,0,1
27,1,60,0.0,0,1,1,0,0,1
1,2,51,0.0,0,0,1,0,0,1
27,2,97,0.0,0,0,1,0,0,1
29,0,11,5.0,0,1,1,0,0,1
18,0,82,5.0,1,0,1,1,1,1
16,0,67,0.0,1,1,1,0,1,1
12,0,122,0.0,1,0,1,0,1,1
5,2,209,0.0,1,0,1,1,1,1
7,2,170,0.0,0,1,1,1,0,1
26,2,211,0.0,0,0,1,1,0,0
4,2,47,5.0,1,1,1,0,1,1
16,1,180,0.0,0,1,1,1,0,0
25,2,93,5.0,0,0,1,0,1,0
31,2,222,0.0,0,0,1,1,0,0
6,2,36,0.0,0,0,1,0,0,1
3,0,54,0.0,0,1,1,0,1,1
23,0,52,0.0,0,0,0,1,1,0
22,0,89,0.0,0,1,1,1,1,1
8,2,159,0.0,1,0,1,0,1,1
24,2,155,0.0,0,1,1,0,1,0
14,0,176,0.0,1,0,1,1,1,1
12,0,162,0.0,0,1,1,0,1,0
4,0,86,0.0,0,1,0,0,1,0
31,1,196,0.0,1,1,1,1,0,1
24,2,90,0.0,0,1,1,0,0,1
2,2,127,0.0,0,0,1,1,0,1
1,0,51,0.0,0,1,0,1,1,1
26,2,45,0.0,0,1,1,0,0,1
17,0,187,0.0,1,1,1,0,0,1
4,2,47,0.0,0,0,1,1,0,1
7,2,170,0.0,0,1,1,0,0,1
7,1,92,4.9,0,1,1,0,1,0
13,0,109,0.0,0,0,1,0,1,1
8,2,94,0.0,1,1,1,1,1,1
9,0,136,0.0,1,0,1,1,0,1
10,0,45,0.0,0,1,1,1,1,0
30,2,152,0.0,0,0,1,0,0,0
2,2,127,0.0,0,1,1,1,0,1
17,0,121,0.0,0,0,1,0,1,1
27,1,160,5.0,0,1,1,1,0,1
31,0,196,5.0,0,0,1,0,1,1
21,0,129,0.0,1,1,1,0,1,1
7,1,106,5.0,0,1,1,0,0,1
18,0,40,0.0,1,1,1,1,1,1
29,2,115,0.0,0,0,1,0,0,1
12,0,107,0.0,0,0,1,0,0,1
5,1,209,5.0,0,1,1,0,0,1
3,2,8,0.0,0,0,1,0,0,1
23,2,6,0.0,0,0,1,1,1,1
27,2,160,0.0,0,1,1,1,1,1
12,2,190,0.0,0,1,1,0,1,1
27,2,97,0.0,0,1,1,1,0,1
27,2,160,0.0,1,0,1,1,1,1
4,2,47,0.0,1,1,1,1,1,1
12,0,171,5.0,1,1,1,1,1,1
18,0,167,0.0,1,1,1,1,1,1
21,0,218,5.0,0,0,1,0,1,1
21,0,218,0.0,1,1,0,0,1,0
30,0,82,0.0,0,1,1,0,1,1
18,0,82,0.0,1,1,1,1,1,1
10,1,141,0.0,0,1,1,0,1,1
2,0,155,0.0,0,1,1,0,1,1
31,2,128,0.0,1,1,1,1,1,1
18,0,103,0.0,0,0,1,0,1,1
5,2,139,0.0,1,0,1,1,1,1
3,0,54,0.0,0,1,1,0,1,1
1,1,5,0.0,0,0,1,1,1,1
24,1,194,0.0,0,1,1,0,0,0
12,0,202,0.0,1,1,1,1,1,1
22,0,9,0.0,0,1,1,0,1,1
26,2,85,0.0,0,1,1,1,1,0
19,0,199,0.0,1,0,1,1,1,1
9,2,161,0.0,0,1,1,0,1,0
5,2,139,0.0,0,1,1,1,1,1
12,0,171,0.0,1,1,1,0,1,1
2,2,137,0.0,0,1,1,0,1,1
18,2,152,0.0,0,0,1,0,0,0
6,1,140,0.0,0,1,1,0,0,1
10,0,34,0.0,0,1,1,1,0,1
26,1,45,0.0,1,1,1,1,1,0
1,2,51,0.0,1,0,1,1,1,1
23,2,6,0.0,0,1,1,0,1,1
30,1,82,0.0,0,1,1,1,1,1
21,0,218,5.0,1,1,1,1,1,1
22,2,147,0.0,0,0,1,1,0,1
27,2,160,0.0,0,1,1,1,1,1
31,1,128,0.0,0,1,1,1,1,1
25,2,170,0.0,0,0,1,0,1,1
10,2,141,0.0,0,0,1,0,1,1
19,2,199,0.0,0,1,1,0,1,1
27,2,97,0.0,0,1,1,1,0,1
24,0,137,0.0,0,1,1,0,1,1
18,2,40,0.0,0,0,1,0,0,0
26,2,85,0.0,0,1,1,0,0,0
28,1,202,0.0,1,1,1,1,1,0
30,1,82,0.0,0,1,1,0,1,0
18,0,167,0.0,1,0,1,0,1,0
7,0,157,0.0,0,1,1,1,1,1
4,0,47,0.0,1,1,1,1,1,1
1,1,5,0.0,1,0,1,1,1,1
3,2,54,0.0,0,1,1,0,1,1
24,0,207,0.0,0,0,1,0,1,1
19,2,130,0.0,1,1,1,0,1,1
2,0,207,0.0,0,1,1,0,1,1
7,1,170,0.0,0,1,1,0,0,1
19,1,199,4.9,0,1,1,0,0,1
18,0,167,0.0,0,1,1,1,1,0
24,0,194,0.0,0,0,1,1,1,1
7,2,170,0.0,0,1,1,1,1,1
2,0,127,0.0,0,1,1,1,0,1
19,0,199,0.0,1,0,1,1,1,1
10,1,141,0.0,1,1,1,1,1,1
10,2,141,0.0,0,1,1,0,0,1
26,0,141,0.0,1,1,1,1,1,1
5,2,39,0.0,0,0,1,0,0,1
10,0,223,0.0,1,1,1,0,1,0
12,0,99,5.0,1,1,1,0,1,1
2,2,194,0.0,0,0,1,1,1,1
8,2,159,0.0,0,1,1,0,0,1
19,0,130,0.0,1,0,1,1,1,1
30,0,82,0.0,1,1,1,1,1,1
3,2,54,0.0,0,0,1,1,0,1
24,0,127,0.0,0,1,1,1,1,1
30,2,40,0.0,1,0,1,1,1,1
28,0,171,0.0,0,1,1,1,1,1
25,2,118,0.0,1,1,1,1,1,1
10,1,141,0.0,0,1,1,0,0,1
28,0,99,0.0,0,0,0,0,0,0
18,0,38,0.0,1,1,1,1,1,1
24,2,127,0.0,0,0,1,1,1,1
25,2,170,0.0,1,0,1,1,0,1
30,0,103,0.0,0,0,1,0,0,1
24,0,127,0.0,1,1,1,0,1,1
7,2,170,0.0,1,0,1,1,1,1
31,0,144,0.0,1,1,1,1,1,1
28,2,107,0.0,0,0,1,0,1,0
27,1,97,0.0,0,1,1,0,1,1
2,0,155,0.0,0,0,0,0,1,0
24,2,194,0.0,0,1,1,1,0,0
30,0,167,0.0,1,1,1,1,1,1
29,2,11,0.0,0,1,1,1,0,0
7,0,157,4.3,1,1,1,1,1,1
4,1,102,0.0,0,1,1,1,1,1
12,0,68,0.0,0,0,0,0,1,0
4,2,86,0.0,1,1,1,1,0,1
26,1,211,0.0,0,1,1,0,0,1
24,0,127,0.0,0,1,1,1,1,1
27,1,7,0.0,1,1,1,1,1,1
19,0,56,0.0,1,1,1,1,1,1
23,2,6,0.0,0,0,1,1,1,1
7,0,118,0.0,0,1,1,0,1,1
18,2,167,0.0,0,0,1,1,1,1
1,2,5,0.0,1,0,1,1,1,0
10,0,211,0.0,1,0,1,1,1,1
7,2,157,0.0,0,0,1,0,0,0
17,0,200,0.0,0,0,0,0,1,0
6,0,185,0.0,0,0,1,0,0,0
18,1,167,0.0,1,0,1,0,1,1
6,1,78,0.0,0,1,1,0,0,0
24,0,194,0.0,0,1,1,0,1,0
1,2,51,0.0,1,0,1,1,1,1
22,0,219,0.0,0,1,1,0,1,1
27,2,160,4.8,0,1,1,1,1,1
31,0,149,0.0,1,1,1,1,0,1
10,1,211,5.0,0,0,1,0,0,1
13,0,174,4.8,0,0,1,1,1,0
30,0,103,0.0,0,0,1,0,1,1
27,2,160,0.0,1,0,1,1,1,1
24,2,207,0.0,0,1,1,0,1,1
4,1,86,0.0,0,1,1,0,1,0
6,0,168,0.0,0,1,0,0,0,0
23,2,6,0.0,0,0,1,1,0,0
7,2,184,0.0,0,1,0,0,1,1
1,0,5,0.0,0,1,1,1,0,1
11,1,163,0.0,0,1,1,0,1,1
29,0,126,0.0,1,0,1,0,1,1
10,0,164,0.0,0,1,1,0,1,0
4,2,166,0.0,1,1,1,0,1,1
25,1,157,0.0,0,0,1,0,1,1
5,1,139,0.0,1,1,1,1,1,1
6,0,77,0.0,0,1,0,0,1,0
19,2,130,0.0,1,1,1,1,1,1
6,0,36,0.0,0,1,1,0,1,1
6,1,78,5.0,0,1,1,1,1,1
18,1,167,0.0,0,0,1,0,1,1
26,2,45,0.0,0,0,1,0,0,1
22,2,9,0.0,0,0,1,0,0,1
5,2,209,0.0,0,0,1,1,0,1
8,1,94,0.0,0,1,1,1,0,1
30,2,40,0.0,0,1,1,1,0,1
10,1,211,0.0,1,0,1,0,1,1
21,0,218,0.0,0,1,1,1,1,0
31,2,29,0.0,1,0,1,0,1,1
25,1,106,0.0,0,1,1,0,1,1
2,0,127,0.0,0,1,1,1,1,1
6,2,78,5.0,0,1,1,1,0,1
19,2,199,5.0,0,0,1,0,0,1
4,0,47,0.0,0,1,1,0,1,0
8,2,159,0.0,0,0,1,0,0,0
31,2,215,0.0,1,1,1,1,1,1
24,1,194,0.0,1,0,1,1,1,1
23,0,6,0.0,0,1,1,1,1,1
4,2,47,0.0,1,1,1,1,1,1
4,1,86,0.0,1,0,1,0,0,1
6,0,78,0.0,0,0,1,0,1,0
3,2,8,0.0,0,0,1,1,0,1
8,1,159,0.0,0,1,1,0,0,1
30,0,167,0.0,1,1,1,1,1,1
19,0,199,0.0,0,1,1,0,1,1
7,2,170,0.0,1,1,1,1,1,1
25,2,170,0.0,0,1,1,0,1,1
23,2,6,0.0,0,1,1,1,1,1
1,2,5,0.0,0,0,1,0,1,1
27,2,160,0.0,1,1,1,1,1,1
31,2,150,0.0,0,1,1,0,0,1
5,1,39,0.0,1,0,1,1,1,1
6,0,78,0.0,1,0,1,1,1,1
4,1,86,0.0,1,1,1,1,1,1
31,0,29,4.4,1,1,1,1,1,1
9,2,161,0.0,0,1,1,0,0,0
9,2,161,0.0,0,0,1,0,0,1
18,0,82,0.0,0,1,1,0,1,0
23,0,52,4.9,0,1,1,0,1,0
27,2,160,0.0,1,0,1,1,1,1
31,1,66,0.0,0,1,1,1,0,1
21,2,146,0.0,0,1,1,0,0,1
28,0,61,0.0,0,1,1,1,0,1
31,0,196,0.0,0,1,1,1,1,0
26,0,164,0.0,0,1,1,0,1,0
7,2,170,0.0,0,1,1,1,0,1
24,2,90,0.0,0,1,1,1,1,1
7,2,170,0.0,0,0,1,1,0,1
6,2,78,0.0,0,1,1,0,0,1
7,0,170,0.0,0,1,1,0,1,1
24,0,155,0.0,0,1,1,0,1,1
10,2,211,0.0,0,0,1,1,1,1
7,2,170,0.0,0,0,1,1,1,1
19,0,14,0.0,1,1,1,0,1,1
1,0,51,0.0,0,0,1,1,1,1
23,0,6,5.0,0,1,1,1,0,1
17,2,187,0.0,1,0,1,1,1,1
19,2,130,0.0,1,1,1,1,1,1
17,0,121,0.0,0,0,1,1,1,0
14,0,176,0.0,0,1,1,0,1,0
24,0,127,0.0,0,1,1,1,0,1
7,2,157,0.0,0,0,1,0,1,1
2,0,194,0.0,0,1,1,1,1,1
27,2,160,0.0,0,0,1,0,0,1
24,0,127,0.0,0,1,1,0,1,0
9,2,98,0.0,0,0,1,0,0,1
7,1,106,0.0,0,0,1,0,1,1
20,2,201,0.0,0,1,1,0,0,1
9,0,98,0.0,0,0,1,0,1,1
18,2,167,0.0,1,0,1,1,1,1
6,2,78,0.0,0,0,1,0,1,0
26,0,141,0.0,0,0,1,0,1,0
2,0,127,0.0,1,1,1,0,1,1
23,1,52,0.0,0,0,1,1,0,0
10,2,45,0.0,0,1,1,1,0,0
7,2,170,0.0,1,1,1,1,1,1
10,2,45,0.0,0,1,1,0,0,1
4,0,72,0.0,0,0,1,0,0,0
3,0,84,0.0,1,1,1,1,1,1
1,2,5,0.0,0,1,1,0,1,0
4,1,86,0.0,1,0,1,0,1,1
2,2,194,0.0,0,1,1,1,0,1
26,1,141,0.0,1,1,1,1,1,1
4,2,47,5.0,1,0,1,1,0,1
28,0,68,0.0,0,1,1,0,1,0
18,1,167,0.0,1,1,1,1,1,1
30,0,82,0.0,0,1,1,1,1,1
28,0,162,0.0,1,1,1,1,1,1
29,1,180,0.0,0,1,1,1,0,0
19,2,199,0.0,1,1,1,1,1,1
2,2,127,0.0,0,0,1,0,0,1
21,2,146,0.0,0,1,1,0,0,1
5,1,139,0.0,0,1,1,0,0,1
19,2,199,4.0,0,1,1,1,1,1
5,0,209,0.0,1,1,1,0,1,1
17,1,48,4.1,0,1,1,0,0,0
18,0,40,0.0,0,1,1,0,0,0
22,0,153,0.0,0,1,1,0,1,1
17,1,200,4.0,0,1,1,1,1,1
25,2,170,0.0,0,1,1,0,0,1
28,2,133,0.0,0,1,1,0,1,1
21,2,218,0.0,1,1,1,1,1,1
2,0,137,0.0,0,1,1,0,1,1
28,0,133,0.0,0,1,1,1,1,1
24,0,41,0.0,0,0,1,0,1,1
4,2,47,0.0,0,1,1,0,1,1
6,0,78,0.0,1,1,1,1,1,1
12,2,188,0.0,0,1,1,0,0,1
18,0,103,0.0,1,1,1,1,1,1
28,2,171,0.0,1,1,1,1,1,1
23,0,6,4.6,0,0,1,0,0,1
12,2,169,0.0,0,0,1,0,0,0
27,1,208,0.0,0,1,1,0,0,1
5,2,81,0.0,0,1,1,0,0,1
12,1,188,4.4,1,1,1,1,1,1
13,2,109,0.0,1,1,1,1,1,0
31,0,144,0.0,1,1,1,1,1,1
17,2,187,0.0,0,1,1,0,0,1
24,0,83,0.0,0,0,1,1,1,1
2,2,127,0.0,1,0,1,1,1,1
7,2,106,0.0,0,1,1,0,0,1
7,0,170,0.0,1,0,1,1,1,0
5,1,209,0.0,0,0,1,0,0,1
26,2,45,0.0,0,1,1,1,1,1
24,0,194,0.0,0,1,1,0,1,1
9,2,161,0.0,0,1,1,1,1,1
24,2,194,0.0,1,1,1,0,1,1
4,1,47,0.0,0,1,0,1,1,1
24,0,41,0.0,1,0,1,1,1,1
7,0,184,0.0,1,1,1,1,1,1
28,0,99,0.0,1,1,1,0,1,1
5,1,39,5.0,1,0,1,1,1,1
5,1,209,0.0,0,1,1,1,1,1
30,2,20,0.0,0,1,1,0,0,0
0,2,3,0.0,0,1,1,1,0,1
9,2,161,0.0,0,1,1,1,1,1
9,0,161,0.0,0,1,0,1,1,0
3,2,54,0.0,0,1,1,0,0,1
26,2,141,0.0,0,0,1,0,1,1
24,0,90,0.0,0,0,1,0,1,1
4,2,47,0.0,0,1,1,0,1,0
29,2,22,0.0,1,0,1,0,0,0
8,2,94,0.0,1,1,1,1,1,1
31,2,29,0.0,0,1,1,1,1,1
22,0,219,0.0,0,0,1,1,1,1
5,2,139,0.0,0,0,1,0,0,1
17,1,48,0.0,0,1,1,0,0,1
6,0,119,0.0,0,1,1,0,1,1
7,2,106,0.0,1,0,1,1,1,1
9,0,98,0.0,1,1,1,1,1,1
12,0,99,0.0,1,1,1,1,1,1
7,1,173,0.0,0,1,1,0,1,1
12,2,122,0.0,0,1,1,0,1,1
24,0,127,0.0,0,1,1,0,1,1
2,2,127,0.0,1,0,1,1,1,1
28,0,99,0.0,0,1,1,0,0,1
5,2,209,5.0,1,1,1,1,1,1
24,0,194,0.0,0,1,1,0,1,1
27,2,208,0.0,0,1,1,0,0,1
30,0,167,0.0,1,1,1,1,1,1
19,2,199,4.9,0,1,1,0,1,1
19,0,130,0.0,1,1,1,1,0,0
6,2,79,0.0,0,1,1,0,0,1
17,1,187,0.0,1,1,1,0,1,1
6,0,104,0.0,0,1,1,0,1,1
1,0,51,0.0,0,1,1,0,1,1
8,1,159,0.0,1,1,1,1,1,1
26,2,85,0.0,1,1,1,1,1,1
7,2,170,0.0,0,0,1,0,1,1
19,2,199,0.0,0,0,1,1,0,1
5,1,209,0.0,0,1,1,0,0,1
1,2,51,0.0,0,1,1,0,0,1
7,0,184,0.0,1,1,1,1,1,1
23,0,6,0.0,0,1,1,0,1,1
31,0,144,0.0,0,0,0,0,1,0
5,0,81,0.0,1,1,1,1,1,1
26,2,211,5.0,1,1,1,0,1,1
7,0,175,0.0,0,1,1,0,0,1
2,2,90,0.0,0,0,1,1,1,0
9,0,161,0.0,0,1,1,0,0,0
18,0,152,0.0,1,1,1,1,1,1
25,2,184,0.0,0,1,1,1,0,1
7,2,151,5.0,1,0,1,1,1,1
27,1,160,0.0,0,1,1,0,0,1
18,0,167,0.0,0,0,1,0,0,0
18,1,82,0.0,0,0,1,0,0,1
27,2,160,5.0,0,0,1,0,0,1
6,0,36,0.0,1,1,1,1,0,1
2,0,83,0.0,0,1,1,1,0,1
27,1,160,3.9,1,1,1,1,1,0
24,2,194,0.0,0,0,1,1,0,1
6,2,78,0.0,0,0,1,0,1,1
16,0,67,0.0,1,1,1,0,1,1
2,2,193,0.0,0,1,1,1,1,1
3,2,8,0.0,0,0,1,1,0,0
5,1,209,0.0,0,0,1,1,0,0
6,1,168,0.0,0,1,0,0,1,0
5,2,139,0.0,0,0,1,0,0,1
26,0,101,0.0,1,1,1,1,1,1
25,0,118,0.0,1,1,1,1,1,1
18,0,40,0.0,0,1,1,0,1,1
26,2,141,0.0,0,0,1,0,0,1
5,2,209,0.0,1,0,1,1,1,1
13,2,109,0.0,0,1,1,0,0,1
2,2,155,0.0,0,0,1,0,1,1
24,2,90,0.0,0,1,1,0,1,1
7,2,170,0.0,1,1,1,1,1,1
31,0,221,0.0,1,0,1,1,1,1
5,2,81,0.0,1,0,1,1,1,1
27,2,160,0.0,0,0,1,1,1,1
25,0,151,0.0,1,0,1,1,1,1
21,2,218,5.0,0,1,1,0,0,1
23,0,6,5.0,0,0,1,0,1,1
4,1,47,0.0,1,0,1,1,1,1
26,0,211,0.0,1,1,1,1,1,1
10,1,141,0.0,1,1,1,1,1,1
7,2,170,4.0,1,1,1,1,0,1
26,2,45,0.0,0,1,1,0,0,1
10,1,141,0.0,0,1,1,1,0,1
8,2,159,0.0,0,0,1,1,0,1
9,2,161,0.0,0,0,1,0,0,1
17,2,121,0.0,0,0,1,0,1,1
14,1,176,0.0,0,0,1,0,0,1
12,2,188,0.0,0,0,1,0,1,1
12,1,75,0.0,0,1,1,0,1,1
7,0,184,0.0,1,1,1,0,1,1
12,0,171,0.0,1,1,1,1,1,1
3,1,8,0.0,0,0,1,0,1,0
26,2,101,0.0,1,0,1,1,1,1
26,2,164,0.0,1,0,1,1,1,1
10,2,85,0.0,0,1,1,1,1,0
30,2,40,0.0,0,0,1,0,0,0
24,0,207,0.0,0,0,1,0,1,1
27,1,160,0.0,0,1,1,1,1,1
5,2,182,0.0,0,0,1,1,0,1
10,2,211,0.0,0,0,1,1,1,1
9,0,161,0.0,1,1,1,1,1,1
12,0,122,5.0,1,1,1,0,1,1
19,2,199,0.0,0,1,1,1,0,1
2,2,194,0.0,1,1,1,1,1,1
4,2,47,0.0,1,0,1,0,1,1
17,1,121,0.0,0,1,1,1,1,1
2,2,137,0.0,0,1,1,1,0,1
3,0,15,0.0,0,1,1,0,0,0
7,2,170,0.0,0,1,1,1,0,1
7,0,110,0.0,1,0,1,1,1,1
12,0,122,0.0,0,0,1,0,1,1
27,2,160,0.0,0,0,1,1,1,1
24,2,194,0.0,0,1,1,0,1,1
12,0,190,0.0,1,0,1,0,1,0
27,1,97,0.0,0,1,1,1,1,1
24,2,155,0.0,0,1,1,0,1,1
5,2,182,4.6,0,1,1,1,0,1
24,2,155,0.0,0,1,1,1,0,0
12,2,107,0.0,0,1,1,1,1,1
31,2,23,5.0,1,1,1,1,1,1
3,1,54,0.0,0,1,1,1,0,1
25,2,170,0.0,0,1,1,1,0,1
26,2,211,0.0,0,1,1,0,0,1
2,2,137,0.0,0,1,1,0,1,1
27,2,160,4.5,0,1,1,1,1,1
8,2,94,0.0,0,0,1,0,0,1
26,2,211,0.0,0,0,1,1,0,0
26,2,211,0.0,1,0,1,1,1,1
17,0,121,0.0,0,0,1,0,1,1
2,2,155,0.0,0,1,1,0,1,0
31,2,215,0.0,1,1,1,1,1,1
17,2,131,0.0,0,1,1,0,1,1
28,0,99,0.0,0,0,0,0,1,0
5,0,39,0.0,1,1,1,1,1,1
24,0,155,0.0,0,1,1,0,1,1
26,0,45,0.0,0,1,1,1,0,0
13,1,109,0.0,0,0,1,1,1,1
28,0,171,0.0,0,0,1,0,1,1
12,1,105,0.0,0,1,1,0,0,1
3,2,54,0.0,1,1,1,0,1,1
24,0,120,0.0,0,1,1,0,1,1
4,2,86,0.0,1,1,1,1,1,1
7,2,170,0.0,0,1,1,0,1,1
1,0,51,0.0,0,0,1,0,1,1
26,0,211,0.0,1,1,1,1,1,1
19,2,130,0.0,1,1,1,0,0,1
22,2,147,0.0,1,1,1,1,0,1
10,1,164,2.0,0,1,1,0,1,1
7,2,170,0.0,0,0,1,0,0,1
28,0,190,0.0,1,0,1,0,1,0
31,1,196,0.0,1,0,1,1,1,1
8,1,18,5.0,1,0,1,0,1,1
7,2,170,0.0,0,0,1,0,1,1
31,1,23,0.0,0,1,1,0,0,1
4,1,47,0.0,1,1,1,1,1,1
10,0,141,0.0,1,1,1,1,1,1
13,0,109,0.0,0,1,1,0,1,1
5,1,209,0.0,0,1,1,1,1,1
18,2,103,0.0,0,0,1,1,1,1
30,0,82,0.0,1,1,1,1,1,1
22,0,219,0.0,1,1,1,1,1,1
2,2,207,0.0,0,1,1,0,0,0
12,1,17,0.0,0,1,1,1,0,0
30,0,38,0.0,1,1,1,1,1,1
12,1,171,0.0,0,1,1,0,1,1
1,2,51,0.0,1,0,1,1,1,1
10,0,45,5.0,1,1,1,1,1,1
30,0,103,0.0,1,1,1,1,1,1
5,2,209,0.0,1,0,1,1,1,1
2,0,41,0.0,0,1,1,0,1,1
6,2,36,0.0,1,0,1,1,1,1
30,2,82,0.0,0,0,1,0,1,1
13,2,174,0.0,0,1,1,1,0,1
2,0,194,0.0,1,1,1,1,1,1
31,1,196,0.0,1,1,1,1,0,1
4,1,86,0.0,1,0,1,1,1,1
10,2,45,0.0,0,1,1,1,0,1
31,2,150,0.0,1,1,1,1,1,1
2,2,41,0.0,0,0,1,0,0,1
3,1,54,0.0,0,1,1,0,1,1
26,0,141,0.0,0,1,1,1,1,1
27,1,160,0.0,0,1,1,0,0,1
2,0,155,0.0,0,1,1,0,1,0
17,2,1,0.0,0,0,1,0,1,1
4,1,86,0.0,0,1,1,1,0,1
17,2,121,0.0,0,0,1,0,0,1
12,0,105,0.0,0,0,1,0,1,1
4,1,47,0.0,1,0,1,1,0,0
4,2,86,0.0,1,1,1,1,1,1
20,1,132,0.0,0,1,1,1,1,1
6,2,78,0.0,0,1,1,1,0,0
28,0,122,0.0,1,1,1,0,1,1
23,0,6,0.0,0,1,1,1,1,0
25,1,170,0.0,0,1,1,0,0,1
5,2,209,0.0,1,1,1,1,1,1
0,0,50,0.0,0,1,1,1,1,1
5,2,209,5.0,0,1,1,1,1,1
4,0,47,0.0,0,1,1,0,1,0
3,0,54,0.0,0,0,0,0,0,0
28,2,122,0.0,0,1,1,0,0,0
2,1,127,0.0,0,0,1,0,1,1
30,0,167,0.0,0,0,1,0,1,1
27,2,160,0.0,0,1,1,1,1,1
1,0,51,0.0,1,1,1,1,1,1
29,2,115,0.0,0,0,1,0,1,1
3,2,8,0.0,0,1,1,0,0,1
22,0,147,0.0,1,0,1,1,1,1
18,2,103,0.0,0,0,1,0,1,1
25,2,170,0.0,0,1,1,0,0,1
27,2,160,4.6,0,0,1,1,0,1
24,2,194,0.0,1,1,1,1,1,1
25,2,106,0.0,0,1,1,1,1,1
10,1,101,0.0,0,0,1,1,0,1
10,0,211,0.0,1,1,1,1,1,1
27,2,208,5.0,1,1,1,1,0,1
22,0,147,0.0,1,1,1,1,1,1
3,0,54,0.0,0,1,1,0,1,0
7,2,184,0.0,1,1,1,1,1,1
16,0,180,0.0,0,1,1,0,0,1
19,2,130,0.0,1,0,1,1,1,1
30,2,40,0.0,1,0,1,1,1,1
12,2,133,0.0,0,1,1,0,1,1
4,0,86,0.0,1,0,1,1,1,1
31,0,144,0.0,1,1,1,1,1,1
2,2,194,0.0,0,0,1,1,1,0
26,2,211,5.0,0,0,1,1,1,1
30,1,103,0.0,0,1,1,0,0,0
7,0,170,0.0,1,1,1,1,1,1
2,2,194,0.0,0,1,1,0,1,1
22,2,147,0.0,1,1,1,0,1,1
1,2,51,0.0,0,1,1,1,0,1
1,0,51,0.0,1,1,1,0,1,1
13,0,174,0.0,0,1,1,0,0,0
21,0,218,0.0,0,1,1,0,1,1
1,0,5,0.0,1,1,1,1,1,1
16,2,67,0.0,1,1,1,1,1,1
22,2,147,0.0,1,1,1,1,1,1
13,2,109,0.0,1,0,1,1,1,1
19,1,199,0.0,1,0,1,1,1,1
12,1,162,0.0,0,0,1,0,1,1
10,1,101,0.0,0,1,1,0,1,0
16,0,126,0.0,1,0,1,0,1,1
0,1,50,4.0,1,0,1,1,1,1
20,2,132,0.0,0,0,1,0,1,1
31,0,21,0.0,0,1,1,1,0,1
12,1,122,0.0,0,1,1,0,1,1
26,1,211,0.0,0,1,1,1,1,1
27,2,208,0.0,0,0,1,1,0,1
19,2,199,0.0,1,0,1,1,1,1
22,0,89,0.0,1,1,1,1,0,1
6,0,36,0.0,0,1,1,0,1,0
23,0,6,0.0,0,0,1,1,0,1
4,2,47,0.0,1,0,1,1,1,1
10,0,211,0.0,1,1,1,1,1,1
26,1,165,0.0,0,1,1,0,1,0
22,0,147,0.0,1,0,1,1,1,1
8,1,159,0.0,0,1,1,1,0,1
30,2,38,0.0,0,0,1,0,1,0
2,0,194,0.0,1,1,1,1,1,1
4,0,166,0.0,0,0,1,0,0,0
27,2,160,0.0,1,1,1,1,1,1
24,2,194,0.0,1,0,1,1,1,0
12,0,99,0.0,1,0,1,1,1,1
20,1,116,0.0,0,1,1,1,0,1
29,2,11,0.0,0,1,1,0,0,1
23,2,6,0.0,0,1,1,1,0,1
24,0,41,0.0,0,0,1,1,1,1
8,2,134,0.0,0,0,1,1,0,0
28,0,107,0.0,1,1,1,1,1,1
30,0,148,0.0,0,1,1,0,1,1
23,2,6,0.0,0,1,1,0,0,1
31,2,222,0.0,0,1,1,0,1,1
7,2,157,0.0,0,1,1,1,0,1
12,1,162,0.0,0,1,1,0,1,0
2,1,194,0.0,0,0,1,1,0,1
1,2,51,0.0,1,0,1,1,1,1
31,0,29,0.0,1,0,1,1,1,1
6,2,36,0.0,1,0,1,1,0,1
2,0,155,0.0,0,1,1,0,1,1
3,1,54,0.0,0,1,1,0,1,1
7,2,157,0.0,1,0,1,0,1,1
31,2,29,0.0,0,0,1,1,0,1
26,2,141,0.0,1,0,1,1,0,1
18,2,82,0.0,0,0,1,0,1,0
26,1,141,0.0,1,1,1,1,1,1
31,0,213,0.0,0,1,1,0,1,1
30,1,167,0.0,0,1,0,1,0,0
25,1,106,5.0,0,1,1,0,0,1
26,1,101,0.0,0,0,1,0,0,1
10,0,101,0.0,0,1,1,0,1,0
28,2,189,0.0,0,0,1,0,1,1
6,1,214,0.0,0,0,1,0,0,0
29,0,115,0.0,0,1,1,1,1,1
16,1,11,0.0,1,1,1,0,1,0
19,2,199,0.0,1,1,1,1,1,1
3,2,54,0.0,0,0,1,1,0,1
2,2,194,0.0,0,0,1,1,0,1
8,2,94,0.0,1,1,1,0,0,0
24,2,194,0.0,0,1,1,0,0,1
12,1,162,5.0,0,0,1,0,1,1
30,2,103,0.0,1,1,0,1,1,1
2,2,207,0.0,0,1,1,1,1,1
18,2,40,0.0,1,0,1,1,1,1
16,0,67,0.0,0,1,1,0,1,1
26,2,211,0.0,0,1,1,0,0,1
10,1,85,0.0,1,1,1,1,1,1
5,1,209,0.0,0,0,1,1,1,1
4,0,47,0.0,1,1,1,1,1,1
3,0,8,0.0,0,0,1,0,0,1
28,0,68,0.0,0,0,0,0,1,0
26,0,85,0.0,1,1,1,1,1,1
18,2,167,0.0,0,1,1,1,0,1
6,0,36,4.9,1,1,1,1,1,1
23,1,6,0.0,0,0,1,0,0,0
30,0,82,0.0,1,1,1,1,1,1
28,0,162,0.0,1,0,1,1,0,0
7,2,151,0.0,0,1,1,1,0,1
10,0,164,5.0,1,1,1,0,1,1
4,1,47,0.0,0,1,1,1,0,1
4,1,28,0.0,0,0,1,0,0,0
26,2,85,0.0,0,0,1,1,1,1
12,0,162,0.0,0,1,1,0,1,0
25,2,170,0.0,0,0,1,1,1,1
28,2,202,0.0,0,1,1,1,1,1
8,2,94,0.0,1,0,1,1,0,1
7,0,106,0.0,0,1,1,0,0,1
27,2,160,0.0,0,1,1,1,1,1
30,1,82,0.0,0,1,1,0,0,0
1,0,5,0.0,0,0,1,1,1,1
5,2,209,0.0,1,1,1,1,1,1
17,2,121,0.0,0,0,1,0,0,1
0,0,3,5.0,0,1,1,0,1,1
22,0,147,0.0,1,1,1,0,1,0
27,1,208,0.0,0,1,1,1,0,1
29,2,191,0.0,1,1,1,0,1,1
8,1,159,0.0,0,1,1,1,1,0
5,2,81,0.0,0,1,1,0,0,1
10,2,141,0.0,1,0,1,1,0,1
25,1,106,0.0,0,1,1,0,0,1
31,0,31,0.0,1,1,1,0,1,1
6,2,78,0.0,0,0,1,0,1,1
26,2,45,0.0,0,0,1,1,1,1
20,2,181,0.0,0,0,1,1,0,1
5,2,209,0.0,0,1,1,0,0,1
24,1,194,0.0,0,1,1,0,0,1
29,0,180,0.0,0,1,1,0,0,1
28,0,122,5.0,1,1,1,0,1,1
3,0,8,5.0,1,1,1,1,1,1
4,1,47,0.0,1,0,1,0,0,1
7,2,170,0.0,0,0,1,0,1,1
25,2,106,0.0,1,0,1,1,1,1
30,0,167,0.0,1,0,1,1,1,1
18,0,82,0.0,0,1,1,1,1,1
12,0,125,0.0,0,0,1,0,1,1
21,0,146,0.0,0,0,1,1,1,0
5,1,182,0.0,0,0,1,0,0,1
30,0,167,0.0,0,0,1,0,1,0
28,1,162,5.0,0,0,1,0,1,1
18,0,148,0.0,0,1,1,0,1,1
18,0,38,0.0,0,1,0,0,1,0
5,2,209,0.0,0,1,1,0,1,1
31,2,221,0.0,1,0,1,1,1,1
26,2,211,4.5,0,1,1,0,0,1
4,0,102,0.0,1,1,1,1,1,1
25,2,118,0.0,1,0,1,1,1,1
4,1,47,0.0,0,0,1,0,0,0
4,0,166,0.0,1,1,1,1,1,1
17,2,187,0.0,0,0,1,0,1,1
16,1,11,0.0,0,1,1,1,1,1
27,2,160,0.0,0,1,1,1,1,1
0,0,3,0.0,1,1,1,0,1,1
19,0,59,0.0,1,1,1,1,1,1
5,2,209,0.0,0,1,1,1,1,1
30,0,88,0.0,0,1,1,0,1,1
5,2,209,0.0,0,0,1,0,1,1
24,0,83,0.0,0,1,1,0,1,1
24,1,127,0.0,0,0,1,1,0,0
16,1,11,0.0,0,0,1,0,0,0
24,0,83,0.0,0,1,1,1,1,1
6,0,214,0.0,0,1,1,0,1,1
3,1,54,0.0,0,0,1,1,1,0
27,2,97,0.0,1,1,1,1,1,1
22,0,147,0.0,1,0,1,1,1,1
6,2,19,0.0,0,1,1,0,1,1
2,0,127,0.0,0,1,1,0,1,0
5,0,39,0.0,1,1,1,0,1,1
12,2,122,0.0,0,1,1,0,0,0
6,1,19,0.0,0,1,1,0,0,1
17,0,187,0.0,0,0,1,0,1,1
3,0,42,0.0,0,1,1,1,1,1
7,2,151,0.0,0,0,1,0,0,1
5,2,209,0.0,0,1,1,0,0,1
26,0,211,0.0,1,1,1,0,1,1
22,1,219,0.0,0,1,1,1,0,1
3,0,8,0.0,1,0,1,1,1,1
24,1,90,0.0,0,1,1,0,1,0
18,0,80,0.0,0,1,1,1,1,0
7,2,157,0.0,0,0,1,0,1,1
5,2,139,0.0,1,0,1,1,1,1
4,1,86,0.0,0,1,1,0,0,1
18,0,38,4.4,1,1,1,1,1,1
21,2,218,0.0,0,0,1,0,0,1
3,2,8,0.0,0,1,1,1,1,1
22,2,9,5.0,0,0,1,0,0,1
24,2,137,0.0,0,0,1,0,1,1
27,1,160,5.0,0,1,1,1,1,1
12,2,133,0.0,1,1,1,0,0,1
28,2,133,0.0,1,1,1,0,0,1
24,2,207,0.0,0,0,1,0,1,1
10,1,141,0.0,0,0,1,0,1,1
8,2,94,0.0,0,1,1,1,0,1
6,0,78,0.0,0,1,1,0,1,1
12,2,171,0.0,0,1,1,1,1,1
2,0,120,0.0,0,1,1,0,1,1
8,2,94,0.0,0,1,1,0,0,0
12,0,190,0.0,1,0,1,1,1,1
3,0,42,5.0,0,1,1,0,1,1
17,1,1,0.0,0,1,1,0,1,1
12,0,75,0.0,1,1,1,0,1,0
28,2,122,0.0,0,0,1,1,1,1
27,2,160,0.0,0,1,1,0,0,1
19,0,199,0.0,1,1,1,0,1,1
2,2,194,0.0,0,1,1,0,0,0
18,1,103,0.0,0,0,1,0,0,0
5,1,139,4.6,0,1,1,0,0,1
25,1,175,0.0,0,1,1,1,1,1
29,0,191,0.0,1,0,1,1,1,1
3,1,8,0.0,0,1,1,1,0,0
28,0,171,0.0,0,1,0,0,1,0
25,1,170,5.0,0,1,1,0,1,1
30,0,38,0.0,1,1,1,1,1,1
26,2,141,0.0,1,1,1,0,1,1
30,2,40,0.0,0,0,1,1,1,1
26,2,211,5.0,0,1,1,1,0,1
6,0,77,0.0,0,1,1,0,1,0
10,0,211,0.0,1,1,1,0,1,1
19,1,199,0.0,0,0,1,1,1,0
26,2,211,0.0,0,1,1,1,0,1
20,0,201,0.0,0,1,1,1,1,0
10,2,141,0.0,0,0,1,1,0,1
20,0,201,0.0,0,0,1,0,0,0
19,0,199,5.0,1,1,1,1,1,1
17,2,121,0.0,0,1,1,0,1,1
13,1,174,0.0,0,1,1,1,0,1
17,1,200,0.0,0,0,1,0,0,0
24,2,90,0.0,0,0,1,1,1,0
7,2,151,0.0,0,0,1,1,1,1
24,0,194,0.0,0,1,1,1,1,1
31,2,73,0.0,1,1,1,1,1,1
28,0,171,0.0,1,1,1,1,1,0
12,2,202,0.0,1,1,1,0,1,1
10,2,85,0.0,0,1,1,0,0,0
8,2,94,0.0,0,0,1,1,0,0
7,1,170,0.0,0,0,1,0,0,1
30,1,103,0.0,1,1,1,1,1,1
13,0,109,0.0,0,1,1,0,1,0
17,0,1,0.0,0,1,1,0,1,1
24,1,194,0.0,0,1,1,1,0,1
16,2,191,0.0,1,1,1,0,1,1
28,0,107,0.0,0,1,1,0,1,0
6,0,172,0.0,0,1,1,1,1,1
24,0,194,0.0,0,0,1,0,1,1
5,2,139,0.0,1,0,1,1,1,1
4,2,86,0.0,0,0,0,1,0,0
22,2,89,0.0,0,0,1,1,0,1
10,2,101,0.0,1,0,1,1,1,1
1,0,51,0.0,1,0,1,1,1,1
3,0,54,0.0,0,1,1,0,1,0
5,0,39,0.0,0,1,1,1,0,1
26,2,211,0.0,1,1,1,1,1,1
6,0,214,0.0,1,1,1,1,1,0
7,2,93,5.0,0,0,1,0,1,0
17,0,207,0.0,1,1,1,0,1,1
1,1,5,0.0,0,1,1,0,0,0
5,2,209,0.0,0,1,1,1,1,1
5,0,39,2.8,1,1,1,1,1,1
26,1,45,0.0,1,1,1,1,1,1
7,1,170,0.0,0,1,1,0,1,1
8,2,159,0.0,0,0,1,1,0,0
1,0,5,5.0,0,1,1,0,1,1
7,2,106,0.0,0,0,1,0,1,1
24,2,194,0.0,0,1,1,0,0,0
1,0,5,0.0,1,1,1,1,1,1
7,2,151,0.0,0,1,1,0,1,0
28,0,107,0.0,0,0,1,1,1,1
24,0,194,0.0,1,1,1,1,1,1
30,0,103,0.0,1,1,1,1,1,1
25,1,173,0.0,1,1,1,0,1,1
19,1,130,0.0,0,1,1,0,0,1
25,0,151,0.0,1,0,1,1,1,1
9,1,161,0.0,0,1,1,0,0,1
7,2,110,0.0,0,0,1,0,0,0
7,0,170,0.0,1,0,1,1,0,1
12,2,162,0.0,0,0,1,1,1,1
3,2,8,0.0,0,1,1,1,1,1
26,2,85,0.0,0,1,1,1,1,1
12,1,33,0.0,1,1,1,1,1,0
5,1,139,0.0,0,1,1,0,0,1
4,1,47,0.0,1,0,1,1,0,0
1,2,26,0.0,1,1,1,1,1,1
0,1,3,0.0,0,0,1,0,1,0
26,2,141,0.0,0,1,1,0,0,1
12,1,169,0.0,0,1,1,0,0,0
5,2,209,0.0,1,0,1,1,1,1
19,0,130,0.0,1,1,1,1,1,1
18,0,95,0.0,0,1,1,0,0,1
24,1,194,0.0,0,1,1,0,0,0
8,0,94,0.0,1,1,1,1,1,1
10,1,34,0.0,0,1,1,1,0,1
10,2,45,0.0,1,1,1,0,1,1
5,2,209,0.0,0,0,1,0,0,1
8,0,94,0.0,1,0,1,1,0,0
19,2,199,0.0,0,0,1,1,1,0
26,1,85,0.0,0,1,1,1,0,1
30,0,40,0.0,1,1,1,1,1,1
1,2,5,5.0,1,0,1,1,0,1
10,2,85,0.0,1,1,1,1,1,1
10,2,211,5.0,0,0,1,1,1,1
27,2,160,0.0,0,0,1,0,0,1
18,0,87,0.0,0,0,1,0,0,0
19,2,130,0.0,0,0,1,1,0,1
26,1,85,0.0,1,1,1,1,1,1
26,1,45,0.0,1,1,1,1,1,0
5,2,209,0.0,1,1,1,0,1,1
30,2,82,0.0,0,0,1,1,1,1
7,1,157,0.0,0,0,1,0,1,1
5,2,209,5.0,0,0,1,0,0,1
24,0,127,0.0,0,0,1,0,0,0
8,1,94,0.0,0,1,1,0,0,1
8,2,94,0.0,1,1,1,1,1,1
4,1,102,0.0,1,1,1,0,1,1
19,1,199,0.0,1,1,1,1,1,1
16,2,22,0.0,0,0,1,0,0,0
10,2,45,0.0,0,0,1,0,1,1
6,2,36,0.0,1,0,1,1,1,1
26,1,85,0.0,1,1,1,1,1,1
7,1,106,0.0,0,1,1,1,0,1
7,2,170,0.0,0,1,1,0,1,1
4,0,86,0.0,1,1,1,1,1,1
27,2,97,0.0,0,1,1,0,0,1
24,2,127,0.0,0,1,1,0,0,1
12,0,24,0.0,0,1,1,0,1,0
30,1,82,0.0,0,0,1,0,0,1
31,2,150,0.0,1,1,1,1,1,1
16,0,191,5.0,1,1,1,1,1,1
5,2,139,0.0,0,0,1,1,0,0
24,0,194,0.0,0,1,1,0,1,1
2,0,41,0.0,0,1,1,0,1,0
19,0,199,0.0,1,1,1,1,1,1
31,2,29,5.0,1,1,1,1,1,1
22,2,219,5.0,0,0,1,1,0,1
4,2,47,0.0,1,1,1,0,1,1
2,1,194,0.0,0,1,1,0,0,0
2,2,155,0.0,0,1,1,0,1,1
31,2,29,0.0,1,0,1,1,1,1
1,2,5,5.0,0,0,1,1,0,0
31,2,44,0.0,1,0,1,1,1,1
12,0,107,0.0,0,0,1,0,1,0
26,0,76,0.0,0,1,1,1,0,1
6,0,185,0.0,0,1,0,0,0,0
12,2,122,0.0,1,0,1,1,1,1
19,2,199,0.0,0,1,1,1,1,1
28,1,202,0.0,0,1,1,0,1,1
2,0,194,0.0,1,1,1,0,1,1
31,2,128,0.0,1,1,1,1,1,1
22,2,147,0.0,1,1,1,1,1,1
2,0,38,0.0,0,1,1,0,1,0
18,0,167,0.0,1,1,1,1,1,1
6,1,36,0.0,1,1,1,0,0,1
10,1,141,0.0,1,0,1,1,1,1
2,2,194,0.0,0,1,1,1,1,1
4,1,102,0.0,1,1,1,0,1,1
4,0,102,0.0,1,1,1,1,1,1
2,2,194,0.0,0,1,1,0,1,1
2,0,137,0.0,0,1,1,0,1,1
3,2,8,0.0,0,1,1,1,1,1
12,0,202,0.0,1,0,1,1,1,1
5,1,182,0.0,0,1,1,0,0,1
24,0,194,0.0,0,0,1,1,1,1
4,1,102,0.0,1,1,1,1,0,1
31,1,220,0.0,1,1,1,1,1,1
10,2,85,0.0,0,1,1,1,1,1
29,2,180,0.0,1,1,1,1,1,1
7,0,118,0.0,0,1,1,1,1,1
10,0,101,0.0,0,0,1,0,1,0
27,2,160,0.0,1,1,1,1,1,1
2,1,194,0.0,0,1,1,0,0,1
18,0,103,0.0,0,0,1,1,0,1
3,0,8,0.0,0,1,1,1,1,0
4,1,86,0.0,1,1,1,0,1,1
2,2,194,4.9,0,0,1,1,1,0
21,0,146,0.0,0,1,1,0,1,1
6,0,78,0.0,0,1,1,0,1,1
7,2,184,0.0,1,1,1,1,1,1
31,0,196,4.8,1,0,1,1,1,1
0,0,50,0.0,0,1,1,1,0,0
19,2,199,0.0,0,1,1,1,0,1
5,0,81,0.0,0,1,1,1,1,0
22,2,9,4.6,0,0,1,1,0,1
26,1,141,0.0,0,1,1,1,0,1
18,1,167,0.0,0,0,1,0,1,0
1,0,5,0.0,1,1,1,1,1,1
2,0,155,0.0,1,1,1,1,1,1
28,0,188,0.0,1,1,1,1,1,1
1,2,5,0.0,0,1,1,1,0,1
22,2,147,0.0,0,1,1,0,1,1
22,0,219,0.0,1,0,1,1,1,1
6,2,78,0.0,0,0,1,0,1,1
20,2,179,0.0,1,1,0,0,1,1
26,2,211,0.0,0,0,1,1,1,1
6,0,36,0.0,0,1,1,1,1,0
16,2,126,0.0,0,1,1,0,0,1
19,0,199,0.0,0,1,1,1,1,1
28,0,158,0.0,0,1,1,1,1,0
6,0,119,0.0,0,1,1,1,1,1
27,2,160,4.9,1,1,1,1,1,1
4,0,47,0.0,1,1,1,0,1,1
7,2,151,0.0,0,0,1,0,0,1
2,2,207,0.0,0,1,1,0,0,0
22,0,9,0.0,0,1,1,0,1,1
5,2,209,0.0,0,0,1,0,0,1
18,0,103,0.0,1,0,1,1,1,1
30,2,40,0.0,0,0,1,0,0,1
19,0,130,0.0,0,0,1,1,1,1
25,1,173,0.0,0,1,1,0,0,1
4,2,47,0.0,1,1,0,1,1,1
5,0,209,0.0,1,1,1,1,0,1
8,2,18,0.0,0,1,1,1,0,1
30,2,20,0.0,0,1,1,1,1,1
21,0,218,0.0,1,0,1,1,1,1
1,2,51,0.0,0,1,1,1,0,1
4,2,47,0.0,1,1,1,1,1,1
2,2,207,0.0,0,1,1,0,1,1
2,0,83,0.0,0,1,1,1,1,1
28,0,99,0.0,1,1,1,1,1,1
31,0,222,0.0,0,1,1,0,0,1
25,2,170,0.0,1,0,1,1,0,1
10,0,101,0.0,0,1,1,0,1,1
2,0,194,0.0,0,0,1,0,0,0
4,1,166,0.0,0,0,1,1,0,1
5,1,209,0.0,1,1,1,1,1,1
27,2,16,0.0,0,0,1,0,0,1
1,2,27,5.0,1,1,1,1,1,1
8,2,159,0.0,0,0,1,0,0,1
30,0,167,0.0,1,1,1,1,0,1
31,0,29,4.5,1,1,1,1,1,1
6,1,78,0.0,0,1,1,0,1,1
18,0,103,0.0,0,1,1,0,0,0
6,0,78,0.0,0,1,0,0,1,0
26,1,34,0.0,0,0,1,1,1,1
22,2,147,0.0,0,0,1,1,0,0
18,0,38,0.0,1,1,1,1,1,1
8,1,94,0.0,0,1,1,1,0,1
10,2,164,0.0,1,1,1,1,1,1
31,2,29,0.0,1,1,1,1,0,1
26,2,45,4.8,0,0,1,0,0,0
10,2,141,0.0,0,1,1,0,0,1
2,2,207,0.0,0,1,1,0,1,1
2,2,127,0.0,1,1,1,1,1,1
7,0,151,0.0,0,1,1,1,0,1
0,0,3,4.6,0,1,1,1,1,0
8,1,94,0.0,0,0,1,1,1,1
25,0,118,0.0,0,1,1,1,1,1
24,2,207,0.0,0,1,1,0,1,1
22,2,89,0.0,0,0,1,0,1,1
20,0,181,0.0,0,0,1,0,1,0
23,0,52,0.0,0,0,1,0,0,0
26,0,141,0.0,1,1,1,1,1,1
17,1,121,0.0,0,1,1,0,1,0
18,0,167,0.0,0,1,1,1,0,1
21,0,129,0.0,0,1,0,0,1,0
1,2,5,0.0,0,1,1,1,1,1
27,2,160,0.0,0,1,1,1,0,1
1,2,51,0.0,0,0,1,0,0,1
1,0,51,0.0,0,1,1,1,1,1
26,1,141,0.0,0,1,1,0,1,1
31,2,29,0.0,1,1,1,0,0,1
27,1,160,0.0,0,0,1,1,0,1
26,1,141,0.0,0,0,1,0,1,1
24,0,194,0.0,0,0,1,0,1,0
26,2,164,0.0,0,0,1,0,0,1
26,2,141,4.6,0,0,1,1,0,1
27,2,97,0.0,1,1,1,1,1,1
6,2,36,0.0,0,0,1,0,1,1
30,0,40,0.0,1,1,1,1,1,1
5,2,209,0.0,1,1,1,1,1,1
26,2,85,0.0,1,0,1,1,1,1
19,0,199,4.9,0,1,1,1,1,1
12,2,32,0.0,0,1,1,0,0,1
8,2,94,0.0,1,1,1,1,0,1
1,0,51,0.0,0,1,1,1,1,1
16,2,11,0.0,0,1,1,1,0,1
3,0,84,0.0,1,1,1,0,1,1
27,2,160,0.0,0,0,1,0,0,1
27,2,160,0.0,0,1,1,1,1,1
26,0,101,0.0,0,1,1,0,1,0
10,1,211,0.0,1,1,1,0,1,1
30,0,38,0.0,0,0,1,0,1,0
4,1,86,0.0,1,1,1,1,1,1
10,2,85,0.0,0,0,1,1,1,1
26,2,141,0.0,1,0,1,1,1,0
26,2,141,0.0,0,0,1,1,1,0
2,0,194,0.0,0,0,1,0,1,0
4,1,47,0.0,0,0,1,1,1,1
19,0,130,0.0,1,1,1,1,1,1
19,2,199,0.0,0,0,1,0,0,1
25,1,170,0.0,1,1,1,1,1,1
1,0,5,0.0,1,1,1,1,1,1
7,1,170,0.0,1,0,1,0,1,1
28,0,107,0.0,0,1,1,0,0,1
19,1,199,0.0,1,1,1,1,0,1
20,0,132,0.0,0,1,1,0,0,0
1,0,51,0.0,1,0,1,1,1,0
25,2,151,0.0,0,1,1,0,1,0
19,0,56,0.0,1,1,1,0,1,1
12,0,162,0.0,1,1,1,1,1,0
27,2,208,0.0,1,1,1,1,1,1
1,0,5,5.0,1,1,1,1,1,1
1,0,51,0.0,0,1,1,0,1,1
28,0,99,0.0,1,1,1,0,1,1
28,1,162,5.0,1,1,1,0,1,1
4,2,47,0.0,1,1,1,1,1,1
20,0,132,0.0,0,1,1,1,0,1
7,1,157,0.0,1,1,1,1,1,1
10,2,45,4.8,0,0,1,0,0,0
30,0,38,0.0,1,1,1,1,1,1
26,2,45,0.0,0,1,1,0,1,1
8,0,159,0.0,1,1,1,1,1,1
27,2,160,0.0,0,1,1,1,0,1
4,1,47,0.0,1,0,1,1,1,1
22,1,153,0.0,0,0,1,0,1,0
22,2,147,0.0,0,1,1,1,1,1
10,2,211,0.0,0,1,1,1,1,1
22,0,153,0.0,0,0,1,1,1,1
3,2,54,0.0,1,0,1,0,0,1
20,2,201,0.0,1,0,1,1,1,0
12,2,202,0.0,0,1,1,1,1,1
26,0,141,0.0,0,1,1,0,1,1
17,2,187,0.0,0,0,1,0,1,1
4,0,47,0.0,1,0,1,1,1,1
1,0,5,0.0,0,1,1,1,1,0
4,2,86,0.0,0,1,1,1,1,1
27,2,160,0.0,0,1,1,0,0,1
12,0,99,0.0,1,0,1,1,1,1
28,0,202,0.0,0,1,1,1,1,0
9,2,161,5.0,1,1,1,0,1,1
3,0,42,0.0,1,1,1,1,1,1
7,2,170,0.0,0,0,1,0,0,1
22,0,153,0.0,0,1,1,0,1,1
24,2,194,0.0,0,0,1,1,0,1
10,2,141,0.0,0,0,1,1,0,1
23,2,52,0.0,0,1,1,1,0,1
27,1,160,5.0,1,1,1,1,1,1
22,1,219,0.0,1,1,1,1,0,1
1,2,26,0.0,1,1,1,1,1,1
7,2,118,0.0,1,1,1,1,1,1
12,0,202,0.0,0,1,1,1,1,0
13,1,96,0.0,1,1,1,1,0,1
24,0,127,0.0,0,1,1,1,0,1
27,2,97,0.0,0,1,1,1,1,1
27,2,160,0.0,1,1,1,1,1,1
25,2,170,0.0,0,0,1,0,1,1
19,0,199,0.0,0,1,1,1,1,1
24,0,127,0.0,0,1,1,0,0,0
12,0,171,0.0,0,1,1,0,1,1
2,0,194,0.0,0,0,1,0,1,0
25,2,170,0.0,0,1,1,1,1,1
12,2,122,0.0,1,0,1,1,1,1
18,0,38,0.0,1,1,1,1,1,1
24,2,194,0.0,0,0,1,0,1,1
7,0,118,0.0,1,1,1,1,1,1
10,0,164,0.0,0,1,1,1,1,0
30,0,80,0.0,0,1,1,0,1,0
7,1,170,0.0,0,1,1,0,0,1
2,1,90,0.0,0,1,1,0,1,0
19,2,59,0.0,1,0,1,0,0,1
3,0,8,0.0,1,1,1,0,1,1
18,2,20,0.0,0,1,0,0,0,0
24,2,193,0.0,0,0,1,0,1,1
24,0,155,5.0,0,0,0,0,0,0
19,0,130,0.0,0,1,1,0,0,0
4,2,47,0.0,1,1,1,1,1,1
30,2,80,0.0,0,0,1,1,1,1
12,0,99,0.0,1,1,1,0,1,1
19,0,199,0.0,0,0,1,0,1,1
24,1,194,0.0,0,0,1,1,0,1
19,0,199,0.0,1,1,1,1,1,1
4,0,86,0.0,1,1,1,1,1,0
7,0,170,0.0,1,1,1,1,1,1
7,2,170,0.0,0,0,1,0,1,1
30,2,167,0.0,1,1,1,1,1,1
25,0,184,0.0,1,1,1,0,1,1
27,2,160,0.0,1,0,1,1,1,1
22,2,9,0.0,1,0,1,1,1,1
31,2,73,0.0,0,0,1,0,1,1
24,0,207,0.0,0,0,1,1,1,1
5,2,182,0.0,1,0,1,1,1,1
29,1,191,0.0,0,0,1,1,1,0
7,2,184,0.0,0,1,1,1,0,1
5,1,209,0.0,0,1,0,0,0,0
31,2,196,0.0,1,1,1,1,1,1
16,2,57,0.0,0,1,1,1,0,1
8,2,159,0.0,0,0,1,0,0,1
29,2,11,5.0,0,1,1,0,1,1
24,0,155,5.0,0,0,0,0,0,0
28,0,189,0.0,0,1,1,0,1,1
4,0,47,0.0,1,1,1,1,0,1
30,1,167,0.0,0,1,0,1,1,1
23,2,6,0.0,0,0,1,1,0,1
4,0,102,0.0,1,1,1,1,1,1
12,0,202,0.0,1,1,1,1,1,1
28,0,122,0.0,0,1,1,0,1,1
20,0,179,0.0,0,0,1,1,0,1
26,0,223,0.0,0,1,0,0,1,1
3,2,8,0.0,1,1,1,1,1,1
1,2,51,0.0,0,1,1,0,1,1
31,0,128,0.0,0,1,0,0,0,0
7,0,184,0.0,1,1,1,0,1,1
29,0,191,0.0,1,0,1,1,1,1
5,2,139,0.0,0,1,1,1,1,1
30,0,64,0.0,0,1,1,0,1,1
23,2,52,0.0,0,0,1,1,0,1
13,2,174,5.0,0,0,1,1,0,0
4,2,166,0.0,0,0,1,1,0,0
2,2,194,0.0,0,1,1,1,1,1
12,1,188,5.0,0,1,1,1,1,1
12,2,122,0.0,0,0,1,1,1,1
5,1,209,0.0,0,1,1,0,0,1
4,1,47,0.0,0,1,1,1,1,1
31,2,29,0.0,1,0,1,1,0,1
5,2,139,0.0,0,0,1,0,0,1
18,0,167,0.0,1,1,1,1,1,1
1,2,51,0.0,0,0,1,0,1,1
1,0,51,0.0,0,1,1,0,1,1
8,0,94,0.0,1,1,1,1,1,1
3,0,8,0.0,1,1,1,1,1,1
18,2,40,4.9,0,1,1,1,1,1
26,2,141,0.0,0,1,1,1,1,1
30,2,40,0.0,0,1,1,0,1,1
7,2,170,0.0,0,1,1,0,0,1
23,0,6,0.0,0,1,1,0,0,0
6,2,185,0.0,1,1,1,1,1,1
29,0,67,0.0,0,1,1,0,1,1
7,2,170,0.0,0,1,1,0,1,1
26,2,101,0.0,1,0,1,1,1,1
27,2,160,4.4,0,0,1,1,1,1
26,2,211,0.0,0,1,1,1,0,1
24,2,127,0.0,1,0,1,1,1,1
24,2,194,0.0,1,0,1,0,1,1
29,1,180,0.0,1,0,1,1,1,0
23,0,52,0.0,0,1,1,0,1,1
2,2,127,0.0,0,0,1,0,1,1
10,2,101,0.0,1,1,1,1,1,1
18,0,20,0.0,0,0,1,0,0,0
12,0,107,0.0,0,1,1,0,1,0
12,0,122,0.0,1,1,1,0,1,1
10,2,141,0.0,1,1,1,0,1,1
30,2,95,0.0,0,1,1,1,0,1
2,1,127,0.0,0,0,1,1,0,0
5,2,209,0.0,0,0,1,0,0,1
23,2,52,0.0,0,1,1,1,0,1
30,1,40,0.0,0,0,1,0,1,0
25,2,106,5.0,0,1,1,0,0,1
6,2,19,0.0,0,0,1,0,1,1
30,0,82,0.0,1,1,1,1,1,1
25,1,170,0.0,0,0,1,0,0,1
12,2,99,0.0,0,1,1,1,0,0
25,0,184,4.6,0,1,1,0,1,1
14,2,111,0.0,0,0,1,0,0,1
10,2,69,0.0,0,1,1,0,1,0
7,1,170,0.0,0,1,1,0,1,1
4,0,86,0.0,0,1,0,0,1,0
4,2,86,0.0,0,0,1,1,0,0
1,1,5,5.0,1,1,1,1,1,1
22,2,147,0.0,0,1,1,0,0,0
24,2,127,5.0,1,1,1,1,1,1
11,2,163,0.0,0,0,1,1,0,0
30,0,40,0.0,1,0,1,1,1,1
27,0,7,4.0,0,1,1,1,1,1
10,0,211,0.0,0,1,1,1,1,1
24,0,194,0.0,0,1,1,0,0,1
13,2,109,0.0,0,0,1,1,0,1
6,2,36,0.0,1,0,1,1,0,1
5,0,39,0.0,1,1,1,1,1,1
18,1,167,0.0,1,1,1,1,0,1
27,1,156,4.0,0,0,1,0,1,1
23,2,6,0.0,0,1,1,1,1,1
24,0,127,0.0,1,1,1,0,1,1
7,2,106,0.0,0,1,1,1,1,1
19,0,130,0.0,0,1,1,1,1,0
4,2,47,0.0,0,1,1,0,0,1
30,0,40,0.0,1,0,1,1,1,1
23,0,6,0.0,0,1,1,0,1,1
25,2,106,0.0,0,1,1,1,1,1
24,0,194,0.0,1,1,1,1,1,1
2,2,194,0.0,1,0,1,1,1,1
31,2,142,4.5,0,1,1,1,0,1
2,1,194,0.0,0,1,1,0,0,0
28,0,107,0.0,0,1,1,0,1,0
17,0,121,4.9,1,1,1,1,1,1
19,2,130,0.0,0,1,1,0,0,0
12,2,188,0.0,1,1,1,1,1,1
24,2,155,0.0,0,1,1,0,1,0
4,2,47,0.0,0,1,1,1,0,1
5,2,209,0.0,0,0,1,1,1,1
28,0,33,0.0,0,1,0,0,0,0
16,2,11,0.0,0,0,1,1,0,0
5,1,139,0.0,0,1,1,0,0,1
24,0,127,0.0,0,1,1,1,1,0
10,2,164,0.0,0,0,1,0,0,1
26,2,45,0.0,1,1,1,1,1,1
2,0,127,0.0,0,1,1,1,0,1
19,1,130,0.0,0,1,1,1,1,1
7,0,184,5.0,1,1,1,0,0,0
10,1,45,0.0,0,1,1,0,0,1
6,2,78,0.0,0,0,1,1,0,1
18,2,103,0.0,1,1,0,1,1,1
2,0,207,0.0,0,0,1,1,1,1
1,2,71,0.0,1,1,1,1,1,1
4,1,166,0.0,1,1,1,1,1,1
25,0,106,0.0,1,1,1,1,1,1
6,0,186,0.0,0,1,1,0,1,0
5,1,209,0.0,0,1,1,1,1,1
5,0,39,0.0,0,0,1,0,1,0
30,1,40,0.0,1,0,1,1,0,1
7,2,106,0.0,0,1,1,0,1,0
14,2,176,0.0,1,0,1,1,1,1
27,1,160,0.0,0,0,1,1,0,1
4,2,166,0.0,1,0,1,1,0,1
5,1,209,0.0,0,1,1,0,1,0
1,0,5,0.0,0,1,0,1,1,0
2,2,194,0.0,0,1,1,1,1,1
14,1,111,0.0,0,0,1,0,0,1
30,0,103,0.0,1,1,1,1,1,0
10,2,101,0.0,1,0,1,1,1,1
31,2,29,0.0,0,1,1,0,0,1
6,0,78,0.0,0,1,1,0,1,0
12,0,122,5.0,1,0,1,1,1,1
1,0,51,0.0,1,0,1,1,1,1
31,0,222,0.0,1,0,1,1,1,1
26,1,211,0.0,0,1,1,1,1,1
26,1,141,0.0,1,0,1,1,1,1
28,2,171,0.0,0,1,1,1,1,1
5,2,139,0.0,0,0,1,0,1,1
30,0,40,0.0,0,1,1,0,1,1
5,2,81,0.0,0,1,1,0,0,1
19,2,199,0.0,0,1,1,0,0,1
17,2,121,0.0,0,0,1,0,1,1
29,1,126,0.0,1,0,1,1,1,1
31,0,66,0.0,0,1,1,1,1,1
26,1,211,0.0,1,1,1,0,1,1
2,2,155,0.0,0,1,1,0,1,1
30,0,40,0.0,0,1,1,0,1,1
29,1,191,0.0,0,1,0,1,0,0
27,2,160,0.0,1,1,1,1,1,1
16,0,22,0.0,0,0,1,0,0,0
26,2,45,5.0,0,1,1,1,0,1
5,2,209,0.0,0,1,1,0,1,1
30,1,40,0.0,0,0,1,0,1,1
17,2,121,0.0,0,0,1,1,1,1
25,0,170,4.4,0,1,1,1,1,1
1,2,5,4.9,0,1,1,1,0,1
24,2,127,0.0,0,0,1,0,1,1
7,2,170,0.0,0,1,1,1,0,1
22,2,9,0.0,0,0,1,0,0,1
25,0,184,0.0,1,1,1,1,1,1
19,0,199,0.0,0,1,1,0,1,1
12,0,75,0.0,0,1,1,0,0,1
5,2,209,0.0,0,0,1,0,0,1
18,2,40,0.0,0,1,1,0,1,1
3,0,8,0.0,0,0,1,1,1,0
10,2,45,0.0,0,1,1,1,1,1
28,0,99,0.0,1,0,1,1,1,1
21,0,198,0.0,1,1,1,1,1,1
22,0,219,0.0,0,1,1,0,0,1
6,0,119,0.0,0,1,1,0,1,0
18,2,64,0.0,1,1,1,1,1,1
9,2,161,0.0,1,0,1,1,1,1
25,2,151,0.0,0,0,1,1,1,1
25,0,184,0.0,1,1,1,1,1,1
26,2,85,0.0,0,1,1,0,0,1
20,0,201,0.0,0,1,1,0,1,0
10,0,45,0.0,0,1,1,0,1,1
7,2,170,0.0,0,0,1,0,1,1
20,2,132,0.0,1,1,1,0,1,1
24,0,194,0.0,0,0,1,0,1,1
24,0,127,0.0,0,1,1,0,1,1
25,2,170,0.0,0,0,1,0,0,1
23,1,52,0.0,0,1,1,1,1,1
1,2,51,0.0,1,0,1,1,1,1
5,2,209,0.0,0,1,1,1,0,1
12,2,133,0.0,0,1,1,0,1,1
25,2,151,5.0,1,0,1,1,1,1
27,1,160,0.0,1,1,1,1,1,1
23,2,6,0.0,0,1,1,1,0,1
28,2,188,0.0,0,1,1,0,0,1
1,2,51,0.0,0,0,1,1,1,0
26,1,45,4.9,0,0,1,0,0,1
21,0,218,5.0,1,1,1,1,1,1
24,0,137,0.0,0,1,1,0,1,1
7,0,157,0.0,1,1,1,1,1,1
23,2,6,0.0,0,1,1,0,0,1
2,0,194,0.0,1,1,1,0,1,0
30,0,103,0.0,1,1,1,1,1,1
25,2,170,0.0,0,0,1,1,0,1
19,2,130,0.0,0,0,1,1,1,1
5,2,209,0.0,0,1,1,1,1,1
9,2,161,0.0,0,0,1,0,0,1
22,1,9,0.0,0,0,1,0,0,1
5,1,209,0.0,0,1,1,0,1,1
24,2,194,0.0,1,1,1,1,1,1
31,2,29,0.0,0,1,0,0,0,0
13,0,109,0.0,0,0,1,0,1,0
29,2,57,0.0,0,1,1,1,0,1
18,0,152,0.0,0,1,1,1,1,1
2,2,207,0.0,0,0,1,0,1,1
17,0,121,0.0,1,0,1,0,1,1
2,2,137,0.0,0,0,0,0,1,0
26,2,85,0.0,0,0,1,0,0,1
29,0,180,0.0,0,0,1,0,1,1
4,2,102,0.0,1,1,1,1,1,1
24,2,41,0.0,0,1,1,1,1,1
26,2,141,0.0,0,0,1,0,0,1
30,1,103,0.0,0,1,1,0,1,1
26,0,164,0.0,1,1,1,1,1,1
24,0,137,0.0,0,1,1,0,1,1
0,0,50,0.0,1,0,1,1,1,1
9,2,98,0.0,1,1,0,0,1,1
12,2,162,0.0,0,1,1,1,0,0
31,1,203,4.4,1,1,1,1,1,1
10,1,141,0.0,1,1,1,1,1,1
4,2,86,0.0,1,1,1,1,1,1
24,1,127,0.0,0,0,1,0,1,1
31,1,144,0.0,1,0,1,0,0,1
19,2,59,0.0,0,0,1,1,1,1
19,2,10,0.0,1,1,1,1,0,1
1,0,51,0.0,1,1,1,0,1,1
26,2,45,0.0,0,0,1,1,1,1
1,2,51,0.0,1,1,1,1,1,1
21,1,198,0.0,0,0,1,0,1,1
17,1,121,0.0,0,0,1,1,0,1
27,2,97,0.0,0,0,1,0,0,1
26,2,85,0.0,1,1,1,1,1,1
24,0,41,0.0,0,0,1,0,1,0
24,2,137,0.0,0,0,1,0,0,1
31,2,128,0.0,1,1,1,1,1,1
22,2,219,0.0,0,1,1,1,0,1
16,2,115,0.0,1,0,1,1,1,1
10,2,211,5.0,1,1,1,0,1,1
27,1,97,0.0,1,1,1,1,1,1
4,2,47,0.0,1,1,1,0,0,1
24,0,194,0.0,0,1,1,0,1,1
12,2,188,0.0,0,0,1,1,0,1
27,2,97,0.0,0,0,1,1,0,1
30,1,167,0.0,1,1,1,1,1,1
21,2,218,0.0,0,1,0,1,1,1
10,2,85,0.0,1,0,1,1,1,1
9,2,98,0.0,0,1,1,1,1,1
3,1,54,0.0,0,0,1,1,1,0
26,2,45,0.0,0,1,1,1,0,1
10,2,85,0.0,1,1,1,0,1,1
19,0,130,0.0,0,1,1,1,1,1
16,1,11,0.0,0,1,1,0,0,1
7,2,157,0.0,0,1,1,0,0,1
17,2,1,0.0,0,0,1,1,1,1
5,2,209,0.0,0,0,1,1,1,1
25,2,151,0.0,0,0,1,1,1,1
22,0,153,0.0,0,1,1,1,1,0
23,2,6,0.0,0,0,1,1,0,0
6,2,36,0.0,0,1,1,1,0,1
28,0,105,0.0,0,0,1,0,1,1
18,2,152,0.0,0,0,1,0,1,0
14,2,176,0.0,1,0,1,1,1,1
2,0,127,0.0,0,1,1,0,1,1
5,2,209,0.0,0,0,1,0,0,1
27,2,160,0.0,0,1,1,1,1,1
3,1,8,0.0,1,1,1,1,1,1
12,2,188,5.0,1,1,1,1,1,1
27,2,7,5.0,0,1,1,1,0,1
10,1,45,5.0,1,1,1,1,1,1
27,2,97,0.0,0,0,1,1,1,1
27,2,97,0.0,1,0,1,1,1,1
26,2,164,0.0,0,0,1,0,1,1
7,2,170,0.0,0,1,1,0,1,1
19,1,14,0.0,1,0,1,1,1,1
6,2,19,0.0,0,1,1,0,1,1
18,1,40,0.0,0,0,1,0,1,1
19,2,130,0.0,0,1,1,1,1,1
9,0,98,0.0,1,1,1,1,1,1
31,2,222,4.5,0,1,1,1,0,1
12,1,162,5.0,1,1,1,0,1,1
23,2,52,0.0,0,1,1,1,1,1
13,1,109,4.5,0,0,1,1,0,1
26,1,141,0.0,1,1,1,1,1,1
4,1,102,0.0,0,1,1,0,0,0
12,1,158,5.0,0,1,1,0,1,0
31,2,144,0.0,0,1,1,0,0,1
23,0,6,0.0,0,0,1,1,1,1
6,1,36,0.0,1,1,1,0,1,1
27,2,16,0.0,1,0,1,1,1,1
19,0,130,0.0,1,1,1,1,1,1
5,2,209,0.0,0,1,1,1,1,1
13,0,174,0.0,0,0,1,0,0,0
30,0,167,0.0,0,0,1,0,0,0
5,2,209,0.0,0,0,1,1,1,1
10,2,45,0.0,0,1,1,0,1,1
18,1,40,0.0,0,1,1,0,1,1
26,2,211,0.0,0,1,1,0,0,1
20,1,181,0.0,0,0,1,0,0,0
26,2,211,0.0,0,1,1,0,1,1
4,2,72,0.0,1,1,1,0,1,1
7,0,170,0.0,1,1,1,1,1,1
10,2,101,0.0,1,0,1,1,1,1
17,2,1,0.0,0,0,0,0,1,0
18,2,40,0.0,0,0,1,0,1,1
12,2,188,0.0,0,0,1,0,1,1
6,2,36,0.0,1,0,1,1,1,1
10,2,141,0.0,1,1,1,1,1,1
31,0,213,0.0,0,1,0,0,0,0
1,0,5,0.0,1,1,1,1,1,1
28,0,99,0.0,1,1,1,1,1,1
25,2,157,0.0,0,0,1,0,1,1
1,0,51,0.0,0,1,0,1,1,1
25,0,170,0.0,1,1,1,1,1,1
21,0,218,0.0,0,0,1,1,1,1
12,0,112,0.0,1,1,1,1,1,1
28,1,169,0.0,0,1,1,0,0,0
4,2,47,0.0,1,1,1,1,0,1
7,0,170,0.0,1,1,1,1,1,1
28,0,171,0.0,0,1,1,0,1,1
10,0,45,0.0,1,1,1,1,1,1
17,0,187,0.0,0,1,1,0,0,1
30,2,167,0.0,0,0,0,0,0,0
5,2,209,0.0,1,1,1,1,1,1
7,1,106,0.0,0,1,0,0,0,0
10,2,211,0.0,0,1,1,0,0,1
30,0,82,0.0,1,1,1,1,1,1
22,0,147,0.0,1,1,1,1,1,1
27,2,160,5.0,1,0,1,1,1,1
7,0,184,4.6,0,1,1,0,1,1
18,1,167,0.0,1,0,1,1,1,1
31,2,143,0.0,1,0,1,1,1,1
19,0,199,0.0,1,1,1,0,1,1
27,1,160,4.6,0,0,1,0,1,1
25,0,118,0.0,1,1,1,1,1,1
2,2,155,0.0,0,1,1,1,0,0
10,2,45,0.0,0,0,1,0,0,1
2,0,127,0.0,0,0,0,1,0,1
27,1,160,4.5,0,1,1,0,0,1
28,0,202,0.0,1,1,1,1,1,1
17,2,121,0.0,1,0,1,1,1,1
8,2,62,0.0,0,1,1,0,0,1
6,1,36,0.0,0,1,1,1,0,1
26,2,45,0.0,0,1,1,0,1,0
25,1,170,0.0,0,1,1,1,0,1
31,1,150,0.0,0,1,1,0,0,1
26,1,101,0.0,0,1,1,0,1,0
12,2,188,5.0,1,1,1,1,1,1
22,0,9,0.0,0,0,1,1,1,1
28,0,122,0.0,1,1,1,0,1,1
31,0,73,0.0,1,0,1,0,0,0
28,2,124,0.0,0,0,1,0,0,1
17,0,121,0.0,1,1,1,1,1,1
31,2,213,3.9,1,0,1,1,0,1
7,1,106,0.0,0,1,1,1,0,1
2,2,194,0.0,1,0,1,1,1,0
9,1,98,0.0,0,1,1,0,0,0
26,2,101,0.0,0,1,1,1,0,0
28,0,107,0.0,0,1,0,0,1,0
12,0,99,0.0,1,1,1,0,1,1
22,1,147,0.0,1,1,1,1,1,0
14,2,111,0.0,1,0,1,1,1,1
9,2,161,0.0,0,1,1,1,1,1
12,1,171,0.0,1,1,1,1,1,1
2,0,194,5.0,0,1,1,1,1,1
28,2,125,0.0,0,1,1,0,1,1
12,2,162,0.0,1,1,1,0,1,1
4,0,166,0.0,0,1,1,1,1,1
5,1,209,0.0,0,1,1,0,0,1
26,2,141,0.0,0,0,1,0,0,1
16,2,11,0.0,0,1,1,1,0,0
12,0,99,0.0,0,0,0,0,1,0
21,2,198,0.0,0,0,1,0,0,1
30,2,152,0.0,0,0,1,0,1,0
1,2,5,0.0,1,0,1,0,1,1
10,0,141,0.0,1,1,1,0,1,1
10,0,45,0.0,0,1,1,1,0,0
8,0,159,0.0,1,0,1,1,1,1
2,2,137,0.0,0,0,1,0,1,1
4,2,72,0.0,0,1,1,1,1,1
13,0,109,0.0,1,1,1,1,1,1
31,0,215,0.0,1,1,1,1,1,1
3,0,8,0.0,0,0,1,0,1,1
13,2,109,0.0,1,0,1,1,1,1
1,2,51,0.0,0,0,0,1,0,1
3,2,84,0.0,1,1,1,1,1,1
2,0,127,0.0,0,1,1,0,0,0
4,2,86,0.0,1,1,1,0,1,1
28,0,107,0.0,0,1,0,0,1,0
21,0,218,0.0,1,1,1,0,1,1
6,0,36,0.0,0,1,1,0,1,1
7,1,106,0.0,0,1,1,0,1,1
17,1,121,0.0,0,1,1,0,1,1
28,0,202,0.0,0,1,1,0,1,0
24,2,127,0.0,0,0,1,0,0,0
14,0,176,0.0,1,1,1,0,1,1
7,1,106,0.0,0,0,1,0,1,1
23,0,6,0.0,0,1,1,1,1,1
7,1,157,4.9,0,1,1,1,1,1
19,2,199,4.9,0,1,1,1,0,1
5,2,209,0.0,0,0,1,0,1,1
1,0,5,0.0,1,1,1,1,1,1
7,2,157,0.0,0,1,1,1,1,1
19,2,199,0.0,0,0,1,0,0,1
5,1,139,0.0,0,1,1,1,0,1
12,0,99,0.0,1,1,1,1,1,1
18,0,167,0.0,0,0,1,0,1,0
9,0,161,0.0,0,1,1,0,0,1
21,0,146,5.0,1,1,1,1,1,1
1,0,5,0.0,1,1,1,0,1,1
4,0,102,0.0,0,1,1,0,0,0
10,0,76,0.0,0,0,1,0,0,1
0,2,3,0.0,0,1,1,0,1,0
1,2,71,0.0,0,0,1,1,1,1
10,2,211,0.0,0,1,1,0,1,1
3,2,54,0.0,0,1,1,0,1,1
24,2,194,0.0,0,1,1,0,1,1
0,1,50,0.0,0,1,1,0,1,0
6,0,35,5.0,0,0,1,0,1,1
5,2,209,0.0,0,1,1,0,0,1
18,0,80,0.0,0,1,1,0,1,0
2,0,127,0.0,0,1,1,0,1,1
6,0,168,0.0,0,1,1,1,1,1
18,0,167,0.0,1,0,1,0,1,0
2,2,194,5.0,0,1,1,0,1,1
22,0,219,0.0,0,1,1,0,1,1
28,0,171,5.0,1,1,1,1,1,0
6,2,78,0.0,0,0,1,0,0,1
21,0,218,0.0,0,0,0,0,0,0
26,1,141,0.0,0,1,1,0,0,0
9,2,161,0.0,0,1,1,1,1,1
29,0,115,0.0,1,1,1,1,1,1
25,2,170,0.0,0,1,1,1,0,1
21,2,218,0.0,1,1,1,1,1,1
25,2,118,0.0,1,1,1,1,0,1
18,0,167,0.0,1,1,1,1,0,1
19,0,130,0.0,0,1,1,1,1,1
8,2,94,0.0,1,0,1,1,0,0
8,2,94,0.0,1,0,0,1,1,1
31,2,29,4.8,0,0,1,0,0,1
17,2,48,0.0,0,1,1,0,1,1
19,2,199,0.0,1,1,1,1,0,1
28,0,105,0.0,0,1,1,0,0,1
7,0,106,0.0,1,1,1,1,1,1
25,2,170,0.0,1,1,1,1,1,1
27,2,7,0.0,0,1,1,0,1,1
12,0,202,0.0,1,1,1,1,1,1
30,2,40,0.0,0,0,1,0,1,1
17,2,121,0.0,0,0,1,0,0,1
12,0,107,0.0,0,0,0,0,0,0
25,1,92,4.9,0,1,1,0,1,0
10,0,85,0.0,1,1,1,1,1,1
24,2,194,0.0,1,1,1,1,1,1
7,0,170,0.0,1,0,1,1,1,1
19,2,56,0.0,0,1,1,1,1,1
8,2,159,0.0,0,0,1,0,1,0
30,2,80,0.0,1,0,1,1,1,1
18,1,103,0.0,1,1,1,1,1,1
26,2,141,0.0,1,1,1,1,1,1
19,0,199,0.0,1,0,1,1,1,1
19,0,10,0.0,0,1,1,0,0,1
28,0,171,0.0,0,1,1,0,1,1
30,1,40,0.0,0,1,1,0,1,1
4,1,47,0.0,1,1,1,1,1,1
28,0,122,0.0,1,1,1,0,1,1
7,2,106,0.0,0,0,1,1,0,1
1,2,51,0.0,0,1,1,1,1,0
16,2,57,0.0,0,0,1,0,1,1
27,1,160,4.5,0,1,1,0,0,1
6,2,186,0.0,0,1,1,0,0,1
28,0,33,0.0,0,1,1,0,1,1
2,0,207,0.0,1,1,1,1,1,1
1,1,51,0.0,1,1,1,1,1,1
29,1,11,0.0,1,1,1,0,1,0
8,0,159,0.0,1,0,1,1,1,1
12,0,99,0.0,1,0,1,1,1,1
24,2,127,0.0,0,0,1,0,1,1
26,1,141,0.0,0,1,1,0,1,1
13,2,109,0.0,0,1,1,1,0,1
3,0,8,0.0,1,1,1,1,1,1
20,2,201,0.0,0,0,1,0,1,1
1,2,70,0.0,0,1,1,0,1,1
26,1,45,5.0,1,1,1,1,1,1
12,1,99,0.0,0,1,1,0,1,1
6,1,36,0.0,0,0,1,1,0,0
7,0,170,0.0,1,1,1,1,1,1
12,1,75,0.0,1,1,1,1,1,0
28,2,122,0.0,0,1,1,0,1,1
28,1,133,0.0,1,0,1,1,1,1
12,2,162,0.0,0,1,1,0,1,1
3,1,54,0.0,0,0,1,1,1,0
9,2,161,0.0,0,0,1,0,0,1
6,2,63,0.0,0,1,1,1,0,1
23,2,12,0.0,0,1,1,0,0,1
27,2,156,0.0,0,1,1,1,1,1
29,1,11,0.0,0,1,1,0,1,0
28,0,122,5.0,0,1,1,1,1,1
28,1,99,0.0,0,1,1,0,1,1
24,0,155,0.0,0,1,1,0,1,1
28,0,162,0.0,0,1,1,1,1,1
10,1,85,0.0,0,1,1,1,1,1
17,0,121,0.0,1,1,1,1,1,1
19,2,10,0.0,0,0,1,1,1,1
5,1,209,0.0,0,1,1,1,0,1
9,2,98,0.0,0,1,1,0,0,1
5,2,209,0.0,0,1,1,1,0,1
5,1,39,0.0,0,1,1,1,1,1
5,1,209,0.0,1,1,1,0,1,1
7,2,170,0.0,0,1,1,1,0,1
19,2,199,5.0,1,0,1,1,1,1
27,2,53,0.0,0,1,1,0,0,1
19,2,199,0.0,1,1,1,1,0,1
2,0,41,0.0,0,0,1,1,1,1
31,2,29,4.8,1,0,1,1,1,1
24,2,127,0.0,0,1,1,0,1,1
12,2,122,0.0,0,1,1,0,1,1
1,1,51,0.0,1,1,1,1,1,1
3,2,42,0.0,0,0,1,0,0,1
3,2,54,0.0,0,1,1,0,1,1
4,1,28,0.0,0,1,1,0,0,0
1,1,5,0.0,0,1,0,1,0,1
4,2,47,0.0,0,0,1,0,1,1
2,2,137,0.0,0,1,1,1,1,1
19,0,10,0.0,1,0,1,0,1,1
30,0,167,0.0,1,0,1,1,1,1
7,1,170,0.0,0,1,1,0,1,1
10,0,76,0.0,0,1,1,0,0,0
4,2,86,0.0,1,1,1,1,0,1
12,2,188,0.0,0,0,1,0,1,1
7,2,157,0.0,0,1,1,1,1,1
20,0,181,0.0,0,0,1,0,1,0
5,2,209,0.0,0,0,1,1,0,1
2,2,41,4.8,1,0,1,1,1,1
26,2,211,0.0,1,1,1,1,1,1
1,2,51,0.0,1,0,1,1,1,1
21,2,146,0.0,0,1,1,0,0,1
1,1,5,0.0,0,0,1,1,1,1
17,1,121,0.0,1,1,1,1,1,1
6,2,19,0.0,1,1,1,1,0,0
16,2,180,0.0,0,0,1,0,1,1
16,0,191,0.0,1,0,1,1,1,1
6,0,78,0.0,0,1,0,1,1,0
12,0,99,0.0,1,1,1,0,1,1
16,0,191,0.0,0,1,1,1,0,0
20,0,132,0.0,0,0,1,0,1,0
23,2,52,0.0,0,0,1,1,0,0
10,2,211,0.0,0,0,1,1,0,1
10,2,141,0.0,0,1,1,0,0,0
6,0,35,0.0,0,0,1,0,1,1
12,2,158,0.0,1,1,1,1,1,1
28,2,188,0.0,0,0,1,1,0,1
23,2,6,0.0,0,1,1,0,1,1
17,2,121,0.0,0,0,1,1,1,1
3,0,8,0.0,0,1,1,0,1,0
16,2,126,0.0,0,1,1,1,0,1
19,2,10,0.0,0,1,1,1,0,0
28,2,99,0.0,0,1,1,0,1,1
21,2,218,0.0,0,1,1,0,0,0
7,1,170,0.0,0,1,1,0,1,1
18,1,103,0.0,1,1,1,1,1,1
27,2,7,0.0,0,0,1,0,0,1
4,1,166,0.0,0,1,1,1,0,0
4,1,47,0.0,1,1,1,1,1,1
7,0,157,0.0,0,0,1,1,0,1
31,2,29,4.1,1,0,1,0,0,1
27,1,160,0.0,0,1,1,0,0,1
31,2,29,4.8,1,1,1,1,0,1
23,2,52,0.0,0,1,1,0,0,1
28,0,122,0.0,1,0,1,0,1,1
1,2,51,0.0,0,0,1,0,1,1
12,2,158,0.0,1,1,1,0,1,1
4,2,47,5.0,1,1,1,1,1,1
1,0,51,0.0,1,1,1,1,1,1
4,0,47,0.0,0,1,1,1,1,0
30,0,167,0.0,0,1,1,0,1,0
10,2,85,0.0,0,0,1,1,1,1
24,2,194,4.9,0,0,1,1,1,0
2,2,127,0.0,0,1,1,0,0,1
10,0,141,0.0,1,1,1,1,1,1
28,1,171,0.0,1,1,1,1,1,1
2,2,90,0.0,0,1,1,0,0,1
5,1,139,0.0,0,1,1,1,0,1
26,1,141,0.0,0,1,1,0,1,0
12,2,189,0.0,0,0,1,0,1,1
31,0,221,4.9,1,1,1,1,1,1
12,2,202,0.0,0,0,1,0,1,0
28,0,171,0.0,1,1,1,1,1,1
21,0,198,0.0,0,1,0,0,1,0
24,2,194,0.0,1,0,1,1,1,1
26,2,101,0.0,0,0,1,1,0,1
4,2,86,0.0,0,0,1,1,1,1
13,2,96,0.0,0,0,1,1,1,1
10,2,45,0.0,0,1,1,1,1,1
27,1,160,4.6,1,1,1,1,1,1
1,1,5,0.0,1,1,1,1,1,1
27,2,7,0.0,0,1,1,0,0,1
13,0,2,0.0,1,1,1,0,1,1
1,2,5,0.0,0,0,1,1,0,1
7,2,106,0.0,0,1,1,1,0,1
12,0,107,0.0,0,1,1,0,1,0
27,2,160,4.0,0,1,1,1,1,1
18,0,167,0.0,0,1,1,0,1,1
1,0,27,0.0,0,0,0,1,1,1
28,0,171,0.0,0,1,1,1,1,1
10,2,211,0.0,0,0,1,1,0,0
26,0,45,0.0,0,1,1,0,1,1
20,0,132,0.0,0,0,0,0,1,1
28,2,188,0.0,0,0,1,0,1,1
25,1,170,0.0,0,1,1,1,1,1
16,0,115,0.0,0,1,1,1,1,1
1,0,26,0.0,0,0,1,1,1,1
22,0,219,0.0,0,1,1,1,1,1
4,0,47,0.0,1,1,1,0,1,1
13,0,49,0.0,0,1,1,0,1,1
12,2,171,0.0,0,1,1,0,0,0
26,0,164,0.0,0,1,1,1,1,0
24,0,137,0.0,0,1,1,0,1,1
4,2,47,0.0,1,0,1,1,1,1
3,0,8,0.0,0,1,1,1,0,0
5,2,209,0.0,0,1,1,1,0,1
30,2,167,0.0,1,1,1,0,1,1
22,0,147,0.0,1,1,1,1,1,1
26,0,45,0.0,1,1,1,1,1,1
1,0,5,0.0,0,1,1,0,1,1
2,0,137,0.0,0,1,1,0,1,1
7,2,92,0.0,0,0,1,0,0,1
12,0,202,0.0,0,1,1,0,1,0
3,0,8,0.0,1,1,1,1,1,1
18,0,40,0.0,0,1,1,0,1,1
21,1,146,0.0,1,1,1,1,1,1
7,1,170,0.0,0,1,1,1,0,1
20,2,132,0.0,0,1,1,0,0,1
27,2,97,0.0,0,1,1,1,0,1
13,1,174,4.8,1,1,1,1,1,1
7,1,157,0.0,1,1,1,1,1,1
20,0,132,0.0,0,0,1,0,1,0
19,0,130,0.0,1,1,1,1,0,0
4,0,47,5.0,1,0,1,1,1,1
28,0,162,0.0,0,1,1,0,1,0
25,0,184,0.0,1,0,1,1,1,1
13,0,109,0.0,1,1,1,1,0,0
2,0,127,0.0,0,1,1,1,0,1
12,0,171,0.0,0,0,1,0,1,1
3,0,54,0.0,0,1,1,1,1,1
27,1,97,0.0,1,1,1,1,1,1
21,2,146,0.0,0,0,1,1,1,1
6,0,168,0.0,0,1,1,0,1,0
24,2,194,0.0,1,0,1,1,1,0
22,2,219,5.0,0,0,1,0,1,1
24,0,194,0.0,0,0,1,0,0,0
19,1,130,0.0,1,0,1,1,1,1
30,0,167,0.0,0,1,1,1,0,1
18,2,103,0.0,1,1,1,1,1,1
10,2,85,0.0,1,1,1,1,1,1
4,2,166,0.0,1,0,1,1,0,1
27,0,160,0.0,1,1,1,1,1,1
22,0,147,0.0,0,1,1,0,1,1
2,0,193,0.0,0,1,1,0,1,1
2,2,127,0.0,0,1,1,0,0,1
6,0,36,0.0,0,1,1,1,1,1
12,0,190,0.0,0,0,1,1,1,0
2,0,194,0.0,0,0,1,0,0,1
24,2,127,0.0,0,0,1,1,0,1
27,2,97,0.0,1,0,1,1,1,1
4,1,47,0.0,0,1,1,0,1,1
13,2,109,0.0,0,0,1,1,0,0
2,2,194,0.0,0,1,1,0,1,1
4,0,47,0.0,1,1,1,0,1,1
2,2,41,0.0,0,1,1,1,1,1
14,2,176,0.0,1,0,1,1,1,1
8,2,94,0.0,0,0,1,0,0,1
23,2,6,4.5,0,0,1,1,0,1
13,2,109,0.0,1,1,1,1,1,1
25,2,170,0.0,0,1,1,0,1,1
12,0,99,0.0,1,0,1,1,1,1
10,2,141,0.0,0,0,1,0,0,1
3,2,8,0.0,0,1,1,0,0,1
5,1,209,0.0,0,1,1,0,0,1
3,0,8,0.0,1,1,1,0,1,1
7,2,106,0.0,0,1,1,1,1,1
31,0,222,0.0,0,0,1,1,1,1
4,1,86,0.0,0,1,1,0,1,1
12,0,171,0.0,0,0,1,0,1,1
19,2,130,0.0,1,1,1,1,1,1
28,0,75,0.0,1,1,1,0,1,0
7,0,170,0.0,1,1,1,1,1,1
9,0,98,0.0,0,0,1,1,1,1
19,0,199,0.0,1,1,0,0,1,1
12,1,169,0.0,0,1,1,0,1,1
2,0,194,0.0,1,1,1,1,0,1
2,2,155,0.0,0,1,1,1,1,0
29,0,180,0.0,0,1,1,0,0,1
13,1,109,0.0,0,0,0,0,0,0
9,0,161,0.0,0,1,1,0,0,1
29,0,126,0.0,0,1,1,0,1,0
27,1,208,5.0,0,1,1,1,0,1
2,1,194,0.0,0,1,1,1,0,1
13,0,109,0.0,0,1,0,0,1,0
23,0,6,0.0,0,1,1,0,0,0
10,2,45,0.0,0,1,1,0,1,0
29,1,22,0.0,0,1,1,0,0,0
4,1,86,0.0,0,1,1,0,1,0
21,1,146,0.0,0,1,1,0,0,1
0,0,13,0.0,0,1,1,0,1,1
12,0,171,0.0,0,1,0,0,1,0
10,2,45,0.0,0,1,1,1,0,1
2,2,155,0.0,0,1,1,0,0,0
28,0,107,0.0,0,1,0,0,1,0
8,0,123,0.0,0,0,1,0,0,0
22,0,219,0.0,0,1,1,0,1,1
5,0,39,0.0,1,1,1,1,1,1
28,1,133,0.0,1,1,1,1,1,1
18,2,103,0.0,0,1,1,0,0,1
27,1,7,0.0,0,1,1,0,0,1
19,2,199,0.0,0,0,1,1,0,0
3,1,54,0.0,0,1,0,1,0,1
19,0,199,5.0,1,1,1,1,0,0
31,0,29,3.4,1,1,1,1,1,1
6,0,78,0.0,0,1,1,0,1,1
4,0,47,0.0,1,1,1,0,1,0
22,0,9,0.0,1,1,0,1,1,0
2,0,127,0.0,0,0,1,0,0,0
20,1,116,0.0,0,0,1,0,1,0
19,1,130,5.0,1,1,1,0,1,1
7,0,184,0.0,1,1,1,1,1,1
3,2,8,0.0,0,1,1,0,0,1
19,0,199,0.0,1,1,1,1,1,1
24,2,155,0.0,0,1,1,0,1,0
26,0,211,0.0,1,1,1,1,1,1
7,2,106,0.0,1,1,1,1,1,1
26,0,85,0.0,0,1,1,0,1,1
28,0,162,0.0,0,0,0,0,0,1
24,2,194,0.0,0,1,1,1,1,1
6,0,36,0.0,1,1,1,1,1,1
25,0,170,0.0,1,0,1,1,0,1
6,1,35,5.0,0,0,1,0,1,1
30,0,148,0.0,1,0,1,0,1,1
24,0,41,0.0,0,0,1,0,1,1
21,0,218,0.0,0,0,1,0,1,0
10,2,211,0.0,0,0,1,1,0,0
31,2,149,0.0,1,1,1,0,0,1
12,0,188,3.8,1,1,1,0,1,0
1,2,5,0.0,0,0,1,1,0,0
5,0,39,0.0,1,1,1,1,1,1
4,2,47,0.0,0,0,1,0,0,1
29,0,67,0.0,1,1,1,1,0,1
8,1,159,0.0,0,1,1,0,1,1
6,0,78,0.0,0,0,0,0,0,0
3,0,8,0.0,1,0,1,1,1,0
12,1,169,0.0,0,0,1,0,1,1
23,2,52,0.0,0,1,1,1,0,0
12,0,190,0.0,0,1,1,1,0,1
7,1,170,4.9,0,1,1,0,1,0
5,2,209,0.0,0,0,1,0,0,1
3,2,8,5.0,0,1,1,0,0,0
30,2,40,0.0,1,1,1,1,0,1
26,1,141,0.0,0,1,1,0,0,0
30,0,82,5.0,1,1,1,1,1,1
25,2,170,4.0,1,1,1,1,0,1
28,2,122,0.0,1,0,1,1,1,1
26,0,45,0.0,1,1,1,0,1,1
4,2,47,0.0,1,1,1,1,1,1
14,0,176,0.0,1,1,1,1,1,1
21,0,218,0.0,0,1,1,1,1,0
10,2,85,0.0,1,1,1,1,1,1
25,0,184,0.0,1,1,1,1,1,1
23,0,6,0.0,0,1,1,1,1,1
10,1,211,5.0,1,1,1,1,1,1
6,0,108,0.0,0,0,1,0,1,1
7,1,173,0.0,0,1,1,0,1,1
3,2,54,0.0,0,1,1,1,0,1
9,2,161,0.0,0,1,0,1,1,1
3,0,8,0.0,0,1,1,0,1,0
29,2,126,0.0,0,1,1,0,0,1
10,1,141,0.0,0,1,1,0,0,0
7,2,170,5.0,0,1,1,0,0,1
26,0,223,0.0,1,1,1,0,1,0
17,1,48,0.0,0,1,1,0,1,1
24,2,127,0.0,0,1,1,0,0,1
8,1,159,0.0,0,1,1,0,1,1
6,0,36,0.0,0,1,1,1,1,0
19,0,199,0.0,1,1,1,1,1,1
22,0,147,0.0,1,1,1,1,1,1
6,0,37,0.0,0,0,1,0,1,0
8,2,94,0.0,0,0,1,0,0,1
24,2,137,0.0,0,0,0,0,1,0
24,2,155,0.0,0,0,1,1,1,1
18,2,103,0.0,1,0,1,1,0,1
5,2,117,0.0,1,0,1,1,1,1
4,0,102,0.0,1,1,1,1,0,1
6,2,36,0.0,1,0,1,1,1,1
24,2,207,0.0,0,1,1,0,1,1
22,0,55,0.0,0,0,1,0,0,0
13,0,109,0.0,1,1,1,1,1,1
6,1,185,0.0,0,0,1,0,1,1
19,0,199,0.0,1,1,1,1,1,1
6,2,19,0.0,0,1,1,1,0,1
24,2,41,0.0,0,1,1,1,0,1
26,2,45,0.0,0,1,1,0,0,1
21,0,218,5.0,1,1,1,1,1,0
23,2,6,4.1,0,0,1,0,0,0
1,2,51,4.6,0,0,1,0,1,1
26,1,45,0.0,0,1,1,0,0,1
19,0,199,0.0,1,0,1,0,0,0
4,1,86,0.0,0,1,1,0,1,0
10,0,141,0.0,1,1,1,1,1,0
18,1,82,0.0,0,1,1,1,1,1
28,2,202,0.0,1,1,1,0,1,1
2,0,194,0.0,0,1,1,0,1,1
31,1,196,0.0,1,0,1,1,1,1
7,1,106,0.0,0,1,1,0,1,1
29,1,11,0.0,0,1,1,1,1,1
4,1,47,0.0,1,1,1,1,1,1
27,1,160,0.0,0,0,1,0,0,1
21,0,218,0.0,1,0,1,1,1,1
17,2,187,0.0,0,1,1,0,1,1
26,2,45,0.0,1,1,1,0,1,1
25,0,184,0.0,1,1,1,0,1,1
27,2,160,0.0,1,1,1,1,1,1
28,0,171,0.0,0,0,1,0,1,1
29,0,67,0.0,1,1,1,0,1,1
13,0,109,0.0,1,1,1,1,1,1
8,0,94,0.0,0,1,1,0,1,0
28,0,122,0.0,1,1,1,0,1,1
6,2,78,0.0,0,1,1,1,1,1
19,2,199,0.0,1,1,1,1,0,1
22,0,219,0.0,0,1,1,1,1,1
18,0,103,0.0,1,0,1,1,1,1
25,1,170,0.0,1,0,1,0,1,1
4,1,86,0.0,0,1,1,0,1,1
19,0,130,0.0,1,1,1,0,1,1
24,2,194,0.0,0,0,1,0,0,1
4,2,102,0.0,0,0,1,0,0,1
2,0,194,0.0,0,0,1,0,1,1
23,2,6,0.0,0,1,1,1,1,1
8,2,94,0.0,1,1,1,0,1,0
5,2,209,0.0,0,1,1,1,1,1
24,2,41,0.0,0,0,1,0,0,1
27,2,160,0.0,1,1,1,1,1,1
4,2,86,0.0,1,1,1,1,0,1
1,2,5,0.0,0,0,1,0,1,1
2,0,155,3.4,0,1,1,0,1,0
23,2,52,0.0,0,0,1,0,1,1
9,2,161,0.0,0,1,1,0,1,1
31,2,29,0.0,0,0,1,0,0,0
28,0,188,0.0,0,0,1,1,1,1
21,2,146,0.0,0,1,1,0,0,0
30,1,167,0.0,1,0,1,1,0,0
12,0,190,0.0,1,1,1,1,1,1
4,0,166,0.0,1,1,1,1,1,1
18,2,88,0.0,0,1,1,1,1,1
27,2,160,0.0,1,1,1,1,1,1
24,0,155,3.4,0,1,1,0,1,0
28,1,158,0.0,1,1,1,1,1,1
18,1,82,0.0,0,1,1,0,0,0
6,0,168,0.0,1,0,1,1,1,1
27,2,97,0.0,1,1,1,1,1,1
25,1,151,0.0,0,0,1,1,1,1
19,2,130,0.0,1,1,1,0,1,1
27,2,160,0.0,0,0,1,1,1,1
8,2,159,0.0,0,1,1,1,0,1
18,2,40,0.0,0,0,1,1,1,1
26,1,101,0.0,0,0,1,0,0,1
30,2,40,0.0,1,0,1,1,1,1
10,1,34,0.0,0,0,1,1,1,1
5,1,209,0.0,1,0,1,1,1,1
26,2,45,0.0,0,1,1,1,1,1
5,0,209,0.0,1,1,1,0,1,1
2,0,127,0.0,0,1,1,0,1,1
20,0,132,0.0,0,0,1,0,1,1
23,0,6,0.0,0,0,1,1,0,1
7,2,170,0.0,1,0,1,1,0,1
5,2,209,0.0,0,1,1,0,0,1
19,2,56,0.0,0,1,1,0,1,1
9,2,98,0.0,0,1,1,0,1,1
18,0,82,0.0,0,0,1,1,1,1
26,1,101,0.0,1,1,1,1,1,1
24,2,194,5.0,0,1,1,1,1,1
30,2,103,0.0,0,0,1,0,1,1
12,0,107,0.0,0,1,1,1,1,0
31,2,192,0.0,0,1,1,0,0,1
9,2,98,0.0,1,0,1,1,1,1
18,2,80,0.0,1,0,1,1,1,1
16,2,180,0.0,0,0,1,1,0,1
22,0,219,0.0,1,0,1,1,1,1
23,2,6,0.0,0,1,1,1,0,1
13,0,109,0.0,1,1,1,0,1,1
23,0,6,0.0,0,1,1,0,0,1
30,2,40,0.0,0,1,1,1,1,1
28,0,162,0.0,1,0,1,0,1,1
24,0,194,0.0,0,0,1,0,0,0
19,2,199,5.0,1,1,1,1,1,1
25,2,170,0.0,0,1,1,0,1,1
9,2,98,0.0,0,1,1,0,0,1
29,1,58,0.0,1,0,1,1,1,1
23,2,52,0.0,0,1,1,1,1,1
16,1,191,0.0,0,0,1,0,0,0
3,1,8,0.0,0,1,1,0,0,0
7,2,170,0.0,0,0,1,0,1,1
28,2,99,0.0,0,0,1,0,1,1
24,0,207,0.0,0,0,1,0,1,0
26,0,141,0.0,1,1,1,1,1,0
3,0,217,0.0,0,0,1,1,0,1
20,0,116,0.0,1,1,1,1,1,1
3,0,8,0.0,1,0,1,1,1,1
6,0,36,0.0,1,1,1,1,1,1
9,2,161,0.0,0,0,1,0,0,1
5,2,209,0.0,0,1,1,0,1,1
12,0,171,0.0,0,0,1,0,1,1
6,0,36,0.0,0,0,1,0,1,0
20,2,132,0.0,0,0,1,0,0,1
1,2,51,0.0,0,1,1,0,1,1
4,0,47,0.0,1,0,1,0,1,1
30,2,103,0.0,0,1,1,1,1,1
26,2,141,0.0,1,0,1,1,0,1
5,1,209,0.0,0,0,1,1,1,1
1,0,5,0.0,1,1,1,1,0,1
30,0,20,0.0,1,0,1,1,1,1
30,2,40,0.0,0,1,1,1,0,1
4,0,47,0.0,1,1,1,1,1,1
28,0,162,0.0,1,1,1,1,1,0
5,2,209,0.0,0,1,1,0,0,1
5,1,209,0.0,0,0,1,0,0,1
0,0,50,0.0,1,1,1,0,1,1
23,2,6,0.0,0,1,1,1,1,1
23,2,6,0.0,0,0,1,0,0,0
19,2,199,0.0,1,1,1,1,1,1
18,0,167,5.0,1,0,1,1,1,0
27,1,160,0.0,1,1,1,1,1,1
10,2,211,0.0,0,1,1,0,0,1
6,2,36,0.0,0,0,1,1,0,0
24,2,127,0.0,0,0,1,1,0,1
3,1,8,0.0,0,1,1,0,0,0
26,2,45,0.0,0,1,1,1,0,0
26,1,101,0.0,0,0,1,1,0,1
28,0,122,0.0,1,1,1,0,1,1
5,2,39,0.0,1,0,1,1,1,1
12,2,169,0.0,0,0,1,0,1,0
19,0,10,0.0,1,0,1,1,1,1
6,0,78,0.0,0,0,1,1,0,0
5,1,139,0.0,0,1,1,1,0,1
19,0,130,0.0,1,0,1,1,1,0
27,2,160,5.0,0,1,1,0,0,1
17,2,121,0.0,0,0,1,0,0,1
28,0,202,0.0,1,1,1,1,1,1
28,0,122,0.0,0,1,1,0,1,1
22,2,147,0.0,1,1,1,1,1,1
3,2,15,0.0,0,1,1,1,0,0
18,1,82,0.0,0,1,1,1,0,1
10,2,141,0.0,0,0,1,0,0,1
3,0,8,0.0,0,1,1,0,1,1
19,2,130,0.0,1,1,1,0,0,1
30,0,82,0.0,1,1,1,0,1,1
24,1,154,0.0,0,0,1,1,0,1
4,1,47,0.0,1,0,1,1,0,1
28,2,162,0.0,0,0,1,1,0,1
7,0,157,0.0,0,1,1,1,1,1
18,1,40,0.0,0,0,1,0,0,1
1,0,27,0.0,1,1,1,1,1,1
22,0,9,0.0,0,0,1,1,1,1
10,2,45,0.0,0,0,1,0,1,1
21,2,146,0.0,0,1,1,0,0,1
31,1,215,4.8,1,0,1,0,0,1
27,1,160,5.0,0,1,1,1,1,1
19,0,130,0.0,1,1,1,0,1,1
10,0,101,0.0,0,1,0,0,1,0
3,0,8,0.0,0,0,1,0,0,0
10,2,85,0.0,1,1,1,0,0,1
12,0,105,0.0,0,0,1,0,1,1
1,0,51,0.0,0,1,0,1,0,0
24,0,194,0.0,0,1,1,0,1,0
24,1,194,0.0,0,1,1,1,0,1
31,1,29,0.0,1,0,1,1,1,1
22,0,153,0.0,0,0,1,0,1,1
5,2,209,0.0,0,0,1,1,1,1
16,1,11,0.0,0,0,1,0,0,0
1,0,5,0.0,1,1,1,0,1,1
6,0,30,0.0,0,0,1,0,0,0
4,1,86,0.0,1,1,1,1,0,1
30,0,167,0.0,1,1,1,1,0,1
4,0,47,0.0,0,1,1,0,1,1
29,2,180,0.0,0,0,1,0,1,1
2,2,90,0.0,0,1,1,0,0,1
25,0,157,0.0,0,1,1,1,1,1
31,0,196,0.0,1,1,1,1,0,1
5,1,139,0.0,0,1,1,1,0,1
18,0,82,0.0,1,1,1,1,1,1
31,2,29,0.0,1,0,1,1,1,1
6,0,36,0.0,1,1,1,0,1,0
18,2,82,0.0,0,0,1,1,1,1
14,1,111,0.0,1,1,1,1,1,1
6,0,36,0.0,0,1,1,0,1,1
0,0,3,0.0,1,1,1,1,1,0
23,2,52,0.0,0,0,1,0,1,1
4,2,102,0.0,1,0,1,1,1,1
23,0,6,0.0,0,1,1,0,1,1
5,2,209,0.0,0,1,1,1,1,1
2,2,90,0.0,0,1,1,0,0,1
24,0,41,0.0,0,1,1,0,1,0
18,0,167,0.0,0,1,1,1,0,1
3,0,54,0.0,1,1,1,1,1,1
25,1,170,0.0,0,1,1,0,0,1
10,2,45,0.0,0,1,1,1,1,1
5,2,209,0.0,0,1,1,0,0,1
25,0,170,0.0,1,1,1,1,1,1
5,2,209,0.0,0,0,1,1,0,1
19,1,130,0.0,1,0,1,1,1,1
31,0,21,0.0,1,1,1,1,1,1
6,1,78,0.0,0,1,1,0,0,0
8,2,159,0.0,1,1,1,1,0,1
27,1,97,0.0,0,1,1,1,1,1
7,0,106,0.0,1,1,1,1,1,1
1,2,5,0.0,0,0,1,1,0,1
28,0,122,0.0,1,1,1,0,1,1
5,1,139,0.0,0,0,1,0,0,0
27,0,160,0.0,1,1,1,1,1,1
24,0,207,0.0,1,0,1,1,0,1
20,2,114,0.0,0,0,0,1,0,0
27,2,160,0.0,1,1,1,1,1,1
30,0,40,0.0,0,1,1,0,0,0
22,0,219,0.0,1,1,1,1,1,1
13,2,174,4.6,0,1,1,0,0,1
1,0,5,5.0,0,1,1,0,1,1
18,0,167,0.0,0,1,1,0,1,0
24,2,194,0.0,0,0,1,0,1,1
2,0,90,0.0,0,0,1,0,1,1
27,2,160,0.0,1,0,1,1,1,1
28,2,125,0.0,0,0,1,1,0,1
7,2,170,0.0,0,1,1,0,1,1
9,1,98,0.0,0,1,1,0,0,0
27,1,53,0.0,1,1,1,1,0,1
10,1,45,0.0,1,1,1,1,1,1
24,2,127,0.0,0,1,1,0,0,1
6,2,78,0.0,0,1,1,1,0,1
16,1,180,0.0,1,0,1,1,1,0
9,2,161,0.0,0,0,1,0,1,0
24,1,194,0.0,0,1,1,1,1,1
12,0,189,0.0,0,1,1,0,1,1
28,0,107,0.0,0,1,1,0,1,0
23,2,6,0.0,0,1,1,0,0,1
26,0,76,0.0,0,0,1,0,0,1
12,2,133,0.0,1,1,1,1,1,1
26,2,101,0.0,1,1,1,1,1,1
31,0,29,5.0,1,1,0,1,1,0
4,2,47,0.0,1,1,1,1,1,1
2,2,137,0.0,0,0,1,1,1,1
24,0,127,0.0,0,0,1,1,1,1
28,1,171,0.0,0,1,1,0,1,1
10,2,85,0.0,0,0,1,0,0,1
31,1,73,0.0,1,1,1,1,0,1
17,2,121,0.0,1,1,1,1,1,1
12,0,33,0.0,0,1,0,0,0,0
22,0,219,0.0,0,1,1,1,1,1
3,1,54,0.0,0,1,1,0,1,1
10,2,164,0.0,0,0,1,0,1,1
10,2,45,0.0,1,1,1,1,1,1
21,2,218,0.0,1,1,1,0,1,1
24,2,194,0.0,0,0,1,1,0,1
1,2,51,0.0,0,0,0,1,0,1
12,2,99,0.0,0,0,1,0,1,1
7,1,173,0.0,0,1,1,0,0,1
19,0,14,0.0,0,1,1,0,1,0
4,2,47,5.0,1,1,1,1,1,1
10,0,101,4.0,0,0,1,0,1,1
18,0,38,0.0,1,1,1,1,1,1
24,0,194,0.0,0,0,1,0,1,0
29,1,11,0.0,1,0,1,1,1,0
6,2,78,0.0,0,0,1,1,0,1
24,2,194,0.0,0,0,1,1,1,0
4,1,86,0.0,1,1,1,1,1,1
26,1,141,0.0,0,1,1,0,0,1
12,1,122,0.0,1,1,1,0,1,1
1,0,51,0.0,0,1,1,0,1,1
21,0,218,0.0,1,1,1,1,1,0
17,2,187,0.0,0,0,1,1,1,1
30,0,103,0.0,1,1,1,1,1,1
4,1,47,0.0,0,0,1,1,0,1
28,2,99,0.0,0,1,1,1,0,0
24,0,127,0.0,0,1,1,0,1,1
1,2,26,4.8,0,1,1,0,1,1
25,0,170,0.0,1,0,1,1,1,1
10,2,141,0.0,0,1,1,1,1,1
19,0,130,0.0,1,1,1,1,1,1
10,0,164,0.0,0,0,1,0,1,1
25,1,106,0.0,0,1,1,1,0,1
5,2,209,0.0,1,1,1,1,1,1
28,1,162,0.0,0,1,1,0,1,0
13,2,174,0.0,0,1,1,1,1,1
4,2,86,0.0,1,1,1,1,1,1
31,2,221,0.0,0,1,1,1,0,1
22,2,55,0.0,0,0,1,0,0,1
26,2,164,0.0,0,0,1,0,1,1
9,2,98,0.0,0,1,1,0,1,1
25,1,106,0.0,0,1,1,1,0,1
26,0,141,0.0,1,1,1,1,1,1
7,1,151,0.0,0,1,1,0,1,1
10,2,211,0.0,0,1,1,0,0,1
26,2,85,0.0,0,0,1,0,0,1
24,2,207,0.0,0,1,1,1,1,1
31,0,21,0.0,1,1,1,1,1,1
26,0,76,0.0,0,1,1,0,0,0
25,2,151,0.0,1,0,1,1,1,1
12,2,133,0.0,0,0,1,0,0,1
4,0,102,0.0,1,1,1,1,1,1
26,0,101,0.0,0,1,0,0,1,0
30,1,40,0.0,0,1,1,0,1,1
4,0,86,0.0,0,1,1,1,1,1
7,1,106,0.0,0,1,1,0,1,1
19,2,199,0.0,1,1,1,1,0,1
28,0,190,0.0,0,1,1,0,0,1
7,0,184,4.8,0,1,1,0,1,1
16,0,126,0.0,1,1,1,1,1,1
24,1,154,0.0,1,0,1,1,0,1
12,0,171,0.0,0,0,1,0,1,1
8,2,94,0.0,0,0,1,0,1,0
9,2,161,0.0,0,0,1,0,0,1
31,1,196,0.0,1,0,1,1,1,1
31,0,150,0.0,1,1,1,0,1,1
26,1,85,0.0,0,1,1,1,1,1
19,0,199,0.0,0,1,1,0,0,0
23,2,6,0.0,0,1,1,1,1,1
8,0,94,0.0,0,1,1,0,1,0
19,0,199,0.0,1,1,1,1,1,1
19,0,199,0.0,1,0,1,1,1,1
23,2,52,0.0,0,1,1,1,1,1
24,1,90,0.0,0,1,1,1,0,0
10,2,45,0.0,0,0,1,1,0,1
5,2,139,0.0,0,1,1,0,0,1
24,0,41,0.0,1,0,1,0,1,1
9,2,161,0.0,0,1,1,1,1,0
10,2,141,0.0,0,0,1,0,1,0
28,0,133,0.0,0,1,1,0,1,1
3,1,54,0.0,1,1,1,0,1,1
19,2,199,0.0,0,1,1,0,0,1
5,2,139,5.0,1,1,1,1,1,1
7,1,170,0.0,0,0,1,1,1,1
1,2,5,0.0,0,0,1,1,1,0
31,2,221,0.0,1,1,1,0,1,1
5,2,209,0.0,0,1,1,1,1,1
31,2,29,0.0,0,0,1,1,0,1
3,0,8,0.0,0,1,1,1,0,1
5,1,209,0.0,0,1,1,0,0,1
27,2,160,4.4,0,0,1,1,0,1
19,2,199,0.0,0,0,1,0,0,0
8,0,94,0.0,0,0,1,0,0,1
19,0,199,0.0,1,0,1,0,0,0
19,2,199,0.0,0,1,1,1,1,1
4,0,47,0.0,0,1,1,1,1,1
26,0,45,0.0,0,1,1,0,1,1
18,1,38,4.8,1,1,1,0,1,1
23,2,52,0.0,0,1,1,1,0,1
1,0,51,0.0,1,1,1,1,1,1
23,0,52,0.0,0,1,1,0,0,1
16,1,126,0.0,0,1,1,0,0,1
26,2,211,0.0,0,1,1,1,1,1
30,2,167,0.0,1,0,1,1,1,1
31,0,222,0.0,1,1,1,1,1,1
2,1,41,0.0,0,0,1,0,1,1
7,0,170,0.0,0,1,1,0,1,0
19,0,56,0.0,1,1,1,1,1,1
12,0,162,0.0,0,0,1,0,1,1
18,0,167,0.0,1,0,1,1,1,1
1,0,5,0.0,1,1,1,0,1,1
27,2,97,0.0,1,1,1,1,1,1
12,0,122,0.0,1,1,1,0,1,1
3,1,8,0.0,0,1,1,1,1,1
2,2,127,5.0,1,1,1,1,1,1
27,2,160,0.0,0,0,1,0,1,1
6,0,36,0.0,1,1,1,1,1,1
5,2,209,4.1,0,1,1,1,1,1
2,0,194,0.0,0,1,1,0,0,1
5,2,182,0.0,1,1,1,0,1,1
7,2,151,0.0,0,0,1,1,1,1
27,2,160,4.9,1,0,1,1,1,1
31,0,21,0.0,0,0,1,1,1,0
24,2,127,0.0,0,1,1,0,0,0
5,1,209,0.0,0,0,1,0,0,1
12,0,171,0.0,0,1,1,0,1,1
29,1,11,0.0,0,0,1,0,0,0
1,2,51,0.0,0,1,1,0,1,1
7,0,157,0.0,0,1,1,0,0,1
27,2,7,0.0,1,1,1,1,0,1
19,0,130,4.6,1,1,1,0,1,1
25,1,157,0.0,1,1,1,1,1,1
5,2,139,0.0,0,1,1,0,1,1
23,2,12,0.0,0,1,1,0,0,1
27,1,97,0.0,0,1,1,1,0,1
8,0,94,0.0,0,1,1,0,1,0
12,2,99,0.0,0,1,1,0,1,0
23,1,6,3.8,0,0,1,1,1,0
1,0,51,5.0,1,0,1,1,1,1
28,1,122,0.0,1,1,1,0,1,1
4,1,166,0.0,0,1,1,0,0,0
18,2,152,0.0,0,1,1,1,1,1
7,2,170,0.0,0,0,1,0,1,1
7,2,106,0.0,0,1,1,1,1,1
19,2,199,0.0,1,1,1,1,1,1
20,0,116,4.5,1,1,1,1,1,1
12,2,158,0.0,0,1,1,0,1,1
2,2,194,0.0,1,1,1,1,1,1
12,2,99,0.0,0,1,1,0,1,1
17,2,200,0.0,0,1,1,1,1,1
4,2,47,0.0,0,1,1,1,1,0
18,2,40,0.0,1,0,1,1,1,1
21,2,146,0.0,0,0,1,1,1,1
4,1,47,4.6,1,1,1,0,1,1
27,2,160,4.9,0,1,1,1,1,1
26,2,101,0.0,0,0,1,0,0,1
24,2,127,0.0,1,1,1,1,1,1
8,0,43,0.0,1,0,1,1,1,1
6,1,19,0.0,0,1,1,0,1,1
10,2,141,0.0,1,1,1,0,0,1
22,0,219,0.0,0,1,1,0,0,1
19,2,199,0.0,0,1,1,0,0,1
1,0,5,0.0,1,1,1,1,1,1
10,2,141,5.0,0,1,1,0,1,1
5,2,209,0.0,0,1,1,0,0,1
19,0,199,0.0,0,1,1,1,1,1
12,0,122,0.0,0,1,1,0,1,1
18,0,103,0.0,0,1,1,0,0,1
6,0,78,0.0,1,0,1,1,1,1
3,0,8,0.0,0,0,1,0,1,1
21,0,218,0.0,0,1,1,1,1,1
28,0,107,0.0,0,0,1,0,1,0
24,0,127,0.0,0,1,1,1,1,1
31,2,221,0.0,1,0,1,1,1,1
6,1,119,0.0,0,1,1,1,1,1
18,0,40,0.0,1,1,1,1,1,1
17,0,187,0.0,1,1,1,1,1,1
4,2,47,0.0,0,1,1,1,0,1
10,0,101,0.0,1,1,1,1,1,1
1,0,5,0.0,1,1,1,1,1,1
21,0,218,0.0,1,1,1,1,1,0
24,2,127,0.0,1,1,1,1,1,1
25,0,106,0.0,1,1,1,1,1,1
30,2,40,4.9,0,1,1,1,1,1
3,1,8,0.0,0,1,1,1,1,1
23,2,12,0.0,0,1,1,0,0,1
26,0,164,0.0,0,0,1,0,0,1
5,2,209,0.0,1,1,1,1,1,1
